itm_no_item|INVALID ITEM
itm_no_item_pl|INVALID ITEM
itm_tutorial_spear|Włócznia
itm_tutorial_spear_pl|Włócznia
itm_tutorial_club|Pałka
itm_tutorial_club_pl|Pałka
itm_tutorial_battle_axe|Topór bitewny
itm_tutorial_battle_axe_pl|Topór bitewny
itm_tutorial_arrows|Strzały
itm_tutorial_arrows_pl|Strzały
itm_tutorial_bolts|Bełty
itm_tutorial_bolts_pl|Bełty
itm_tutorial_short_bow|Długi Łuk
itm_tutorial_short_bow_pl|Długi Łuk
itm_tutorial_crossbow|Kusza
itm_tutorial_crossbow_pl|Kusza
itm_tutorial_throwing_daggers|Sztylety do rzucania
itm_tutorial_throwing_daggers_pl|Sztylety do rzucania
itm_tutorial_saddle_horse|Ujeżdżony koń
itm_tutorial_saddle_horse_pl|Ujeżdżony koń
itm_tutorial_shield|Okrągła Tarcza
itm_tutorial_shield_pl|Okrągła Tarcza
itm_tutorial_staff_no_attack|Laska
itm_tutorial_staff_no_attack_pl|Laska
itm_tutorial_staff|Laska
itm_tutorial_staff_pl|Laska
itm_tutorial_sword|Miecz
itm_tutorial_sword_pl|Miecz
itm_tutorial_axe|Topór
itm_tutorial_axe_pl|Topór
itm_tutorial_dagger|Sztylet
itm_tutorial_dagger_pl|Sztylet
itm_horse_meat|Końskie mięso
itm_horse_meat_pl|Końskie mięso
itm_practice_sword|Miecz
itm_practice_sword_pl|Miecz
itm_heavy_practice_sword|Ciężki Miecz
itm_heavy_practice_sword_pl|Ciężki Miecz
itm_practice_dagger|Sztylet
itm_practice_dagger_pl|Sztylet
itm_practice_axe|Topór bitewny
itm_practice_axe_pl|Topór bitewny
itm_arena_axe|Topór
itm_arena_axe_pl|Topórr
itm_arena_sword|Miecz
itm_arena_sword_pl|Miecz
itm_arena_sword_two_handed|Ciężki Miecz
itm_arena_sword_two_handed_pl|Ciężki Miecz
itm_arena_lance|Włócznia
itm_arena_lance_pl|Włócznia
itm_practice_staff|Laska
itm_practice_staff_pl|Laska
itm_practice_lance|Włócznia
itm_practice_lance_pl|Włócznia
itm_practice_shield|Tarcza ćwiczebna
itm_practice_shield_pl|Tarcza ćwiczebna
itm_practice_bow|Długi Łuk
itm_practice_bow_pl|Długi Łuk
itm_practice_crossbow|Proca
itm_practice_crossbow_pl|Proca
itm_practice_javelin|Oszczepy do rzucania
itm_practice_javelin_pl|Javelins
itm_practice_javelin_melee|Oszczep do walki wrÄ™cz
itm_practice_javelin_melee_pl|Oszczep do walki wrÄ™cz
itm_practice_throwing_daggers|Sztylety do rzucania
itm_practice_throwing_daggers_pl|Sztylety do rzucania
itm_practice_throwing_daggers_100_amount|Sztylety do rzucania
itm_practice_throwing_daggers_100_amount_pl|Sztylety do rzucania
itm_practice_horse|Ujeżdżony koń
itm_practice_horse_pl|Ujeżdżony koń
itm_practice_arrows|Strzały
itm_practice_arrows_pl|Strzały
itm_practice_bolts|Proca na kamienie
itm_practice_bolts_pl|Proca na kamienie
itm_practice_arrows_10_amount|Strzały ćwiczebne
itm_practice_arrows_10_amount_pl|Strzały ćwiczebne
itm_practice_arrows_100_amount|Strzały ćwiczebne
itm_practice_arrows_100_amount_pl|Strzały ćwiczebne
itm_practice_bolts_9_amount|Bełty ćiczebne
itm_practice_bolts_9_amount_pl|Bełty ćwiczebne
itm_practice_boots|Buty
itm_practice_boots_pl|Buty
itm_red_tourney_armor|Czerwona tunika
itm_red_tourney_armor_pl|Czerwona tunika
itm_blue_tourney_armor|Niebieska tunika
itm_blue_tourney_armor_pl|Niebieska tunika
itm_green_tourney_armor|Zielona tunika
itm_green_tourney_armor_pl|Zielona tunika
itm_gold_tourney_armor|Biała tunika
itm_gold_tourney_armor_pl|Biała tunika
itm_red_tourney_helmet|Czapka
itm_red_tourney_helmet_pl|Czapka
itm_blue_tourney_helmet|Czapka
itm_blue_tourney_helmet_pl|Czapka
itm_green_tourney_helmet|Czapka
itm_green_tourney_helmet_pl|Czapka
itm_gold_tourney_helmet|Czapka
itm_gold_tourney_helmet_pl|Czapka
itm_arena_shield_red|Okrągła Tarcza
itm_arena_shield_red_pl|Okrągła Tarcza
itm_arena_shield_blue|Okrągła Tarcza
itm_arena_shield_blue_pl|OkrÄ…gĹ‚a Tarcza
itm_arena_shield_green|Okrągła Tarcza
itm_arena_shield_green_pl|Okrągła Tarcza
itm_arena_shield_yellow|Okrągła Tarcza
itm_arena_shield_yellow_pl|Okrągła Tarcza
itm_arena_armor_white|Biała tunika
itm_arena_armor_white_pl|Biała tunika
itm_arena_armor_red|Czerwona tunika
itm_arena_armor_red_pl|Czerwona tunika
itm_arena_armor_blue|Niebieska tunika
itm_arena_armor_blue_pl|Niebieska tunika
itm_arena_armor_green|Zielona tunika
itm_arena_armor_green_pl|Zielona tunika
itm_arena_armor_yellow|Żółta tunika
itm_arena_armor_yellow_pl|Żółta tunika
itm_arena_tunic_white|Biała tunika
itm_arena_tunic_white_pl|Biała tunika
itm_arena_tunic_red|Czerwona tunika
itm_arena_tunic_red_pl|Czerwona tunika
itm_arena_tunic_blue|Niebieska tunika
itm_arena_tunic_blue_pl|Niebieska tunika
itm_arena_tunic_green|Zielona tunika
itm_arena_tunic_green_pl|Zielona tunika
itm_arena_tunic_yellow|Żółta tunika
itm_arena_tunic_yellow_pl|Żółta tunika
itm_arena_helmet_red|Hełm normandzki
itm_arena_helmet_red_pl|Hełm normandzki
itm_arena_helmet_blue|Hełm normandzki
itm_arena_helmet_blue_pl|Hełm normandzki
itm_arena_helmet_green|Hełm normandzki
itm_arena_helmet_green_pl|Hełm normandzki
itm_arena_helmet_yellow|Hełm normandzki
itm_arena_helmet_yellow_pl|Hełm normandzki
itm_steppe_helmet_white|Hełm normandzki
itm_steppe_helmet_white_pl|Hełm normandzki
itm_steppe_helmet_red|Hełm normandzki
itm_steppe_helmet_red_pl|Hełm normandzki
itm_steppe_helmet_blue|Hełm normandzki
itm_steppe_helmet_blue_pl|Hełm normandzki
itm_steppe_helmet_green|Hełm normandzki
itm_steppe_helmet_green_pl|Hełm normandzki
itm_steppe_helmet_yellow|Hełm normandzki
itm_steppe_helmet_yellow_pl|Hełm normandzki
itm_tourney_helm_white|Hełm normandzki
itm_tourney_helm_white_pl|Hełm normandzki
itm_tourney_helm_red|Hełm normandzki
itm_tourney_helm_red_pl|Hełm normandzki
itm_tourney_helm_blue|Hełm normandzki
itm_tourney_helm_blue_pl|Hełm normandzki
itm_tourney_helm_green|Hełm normandzki
itm_tourney_helm_green_pl|Hełm normandzki
itm_tourney_helm_yellow|Hełm normandzki
itm_tourney_helm_yellow_pl|Hełm normandzki
itm_arena_turban_red|Czapka
itm_arena_turban_red_pl|Czapka
itm_arena_turban_blue|Czapka
itm_arena_turban_blue_pl|Czapka
itm_arena_turban_green|Czapka
itm_arena_turban_green_pl|Czapka
itm_arena_turban_yellow|Czapka
itm_arena_turban_yellow_pl|Czapka
itm_book_tactics|Historia Wojny Peloponeskiej
itm_book_tactics_pl|Historia Wojny Peloponeskiej
itm_book_persuasion|Rhetorica ad Herennium
itm_book_persuasion_pl|Rhetorica ad Herennium
itm_book_leadership|Życie Aleksandra Wielkiego
itm_book_leadership_pl|Życie Aleksandra Wielkiego
itm_book_intelligence|Paedeia
itm_book_intelligence_pl|Paedeia
itm_book_trade|Ekonomia, Arystoteles
itm_book_trade_pl|Ekonomia, Arystoteles
itm_book_weapon_mastery|Polityka Lacedemończyków, Ksenofont
itm_book_weapon_mastery_pl|Polityka Lacedemończyków, Ksenofont
itm_book_engineering|Architektura, Vitrivius
itm_book_engineering_pl|Architektura, Vitrivius
itm_book_wound_treatment_reference|De Materia Medica, of Dioscorides
itm_book_wound_treatment_reference_pl|De Materia Medica, of Dioscorides
itm_book_training_reference|Epitoma Rei Militaris
itm_book_training_reference_pl|Epitoma Rei Militaris
itm_book_surgery_reference|Życie Aelius Galenus
itm_book_surgery_reference_pl|Życie Aelius Galenus
itm_relic|The Cathach of Colum Cille
itm_relic_pl|Cathach w Colum Cille
itm_mead|Miód
itm_mead_pl|Miód
itm_salt|Sól
itm_salt_pl|Sól
itm_tar|Smoła
itm_tar_pl|Smoła
itm_jewelry|Klejnoty
itm_jewelry_pl|Klejnoty
itm_raw_flax|Wiązka Lnu
itm_raw_flax_pl|Wiązka Lnu
itm_linen|Płótno
itm_linen_pl|Płótno
itm_wool|Wełna
itm_wool_pl|Wełna
itm_vc_wool_cloth|Wełniane płótno
itm_vc_wool_cloth_pl|Wełniane płótno
itm_amber|Bursztyn
itm_amber_pl|Bursztyn
itm_ivory|Kły Morsa
itm_ivory_pl|Kły Morsa
itm_silver|Srebro
itm_silver_pl|Srebro
itm_iron|żelazo
itm_iron_pl|żelazo
itm_stone|Kamień
itm_stone_pl|Kamień
itm_tools|Narzędzia
itm_tools_pl|Narzędzia
itm_vc_raw_leather|Skóry
itm_vc_raw_leather_pl|Skóry
itm_timber|Drewno
itm_timber_pl|Drewno
itm_soapstone|Wapień
itm_soapstone_pl|Wapień
itm_vc_furs|Futra
itm_vc_furs_pl|Futra
itm_wine|Wino
itm_wine_pl|Wino
itm_ale|Piwo
itm_ale_pl|Piwo
itm_smoked_fish|Wędzona Ryba
itm_smoked_fish_pl|Wędzona Ryba
itm_cheese|Ser
itm_cheese_pl|Ser
itm_vc_honey|Słodki miód
itm_vc_honey_pl|Słodki miód
itm_sausages|Kiełbasa
itm_sausages_pl|Kiełbasa
itm_cabbages|Sałata
itm_cabbages_pl|Sałata
itm_dried_meat|Suszone mięso
itm_dried_meat_pl|Suszone mięso
itm_apples|Owoce
itm_apples_pl|Owoce
itm_barley|Jęczmień
itm_barley_pl|Jęczmień
itm_venison|Mięso z dzika
itm_venison_pl|Mięso z dzika
itm_grain|Pszenica
itm_grain_pl|Pszenica
itm_cattle_meat|Wołowina
itm_cattle_meat_pl|Wołowina
itm_bread|Chleb
itm_bread_pl|Chleb
itm_chicken|Kurczak
itm_chicken_pl|Kurczak
itm_pork|Wieprzowina
itm_pork_pl|Wieprzowina
itm_butter|Masło
itm_butter_pl|Masło
itm_siege_supply|Zaopatrzenie
itm_siege_supply_pl|Zaopatrzenie
itm_quest_wine|Wino
itm_quest_wine_pl|Wino
itm_quest_ale|Piwo
itm_quest_ale_pl|Piwo
itm_common_horse|Koń
itm_common_horse_pl|Koń
itm_common_horse2|Koń
itm_common_horse2_pl|Koń
itm_common_pony|Kuc
itm_common_pony_pl|Kuc
itm_common_pony2|Kuc
itm_common_pony2_pl|Kuc
itm_wild_horse|Koń
itm_wild_horse_pl|Koń
itm_wild_horse2|Koń
itm_wild_horse2_pl|Koń
itm_wild_pony|Kuc
itm_wild_pony_pl|Kuc
itm_wild_pony2|Kuc
itm_wild_pony2_pl|Kuc
itm_cow1|Krowa
itm_cow1_pl|Krowa
itm_cow2|Krowa
itm_cow2_pl|Krowa
itm_arrows|Strzały
itm_arrows_pl|Strzały
itm_khergit_arrows|Strzała Przebijająca
itm_khergit_arrows_pl|Strzała Przebijająca
itm_barbed_arrows|Kolczaste Strzały
itm_barbed_arrows_pl|Kolczaste Strzały
itm_bodkin_arrows|Strzała Szpikulcowa
itm_bodkin_arrows_pl|Strzała Szpikulcowa
itm_bolts|Bełty
itm_bolts_pl|Bełty
itm_bolts2| Przebijające bełty
itm_bolts2_pl| Przebijające bełty
itm_bolts3|Kolczaste bełty
itm_bolts3_pl|Kolczaste bełty
itm_bolts4|BeĹ‚ty Szpikulcowe
itm_bolts4_pl|BeĹ‚ty Szpikulcowe
itm_pilgrim_disguise|Przebranie pielgrzyma
itm_pilgrim_disguise_pl|Przebranie pielgrzyma
itm_pilgrim_hood|Kapur pielgrzyma
itm_pilgrim_hood_pl|Kapur pielgrzyma
itm_leather_gloves|Rękawice skórzane
itm_leather_gloves_pl|Rękawice skórzane
itm_carbatinae_1|Buty
itm_carbatinae_1_pl|Buty
itm_carbatinae_2|Buty
itm_carbatinae_2_pl|Buty
itm_carbatinae_3|Buty
itm_carbatinae_3_pl|Buty
itm_carbatinae_4|Buty
itm_carbatinae_4_pl|Buty
itm_carbatinae_5|Buty
itm_carbatinae_5_pl|Buty
itm_carbatinae_6|Buty
itm_carbatinae_6_pl|Buty
itm_carbatinae_7|Buty
itm_carbatinae_7_pl|Buty
itm_carbatinae_8|Buty
itm_carbatinae_8_pl|Buty
itm_carbatinae_9|Buty
itm_carbatinae_9_pl|Buty
itm_carbatinae_10|Buty
itm_carbatinae_10_pl|Buty
itm_carbatinae_vc1|Obuwie
itm_carbatinae_vc1_pl|Obuwie
itm_carbatinae_vc2|Obuwie
itm_carbatinae_vc2_pl|Obuwie
itm_carbatinae_vc3|Obuwie
itm_carbatinae_vc3_pl|Obuwie
itm_carbatinae_vc4|Obuwie
itm_carbatinae_vc4_pl|Obuwie
itm_carbatinae_vc5|Obuwie
itm_carbatinae_vc5_pl|Obuwie
itm_carbatinae_vc6|Obuwie
itm_carbatinae_vc6_pl|Obuwie
itm_carbatinae_1s|Obuwie owijane
itm_carbatinae_1s_pl|Obuwie owijane
itm_carbatinae_2s|Obuwie owijane
itm_carbatinae_2s_pl|Obuwie owijane
itm_carbatinae_3s|Obuwie owijane
itm_carbatinae_3s_pl|Obuwie owijane
itm_carbatinae_4s|Obuwie owijane
itm_carbatinae_4s_pl|Obuwie owijane
itm_carbatinae_5s|Obuwie owijane
itm_carbatinae_5s_pl|Obuwie owijane
itm_carbatinae_6s|Obuwie owijane
itm_carbatinae_6s_pl|Obuwie owijane
itm_carbatinae_vc1s|Obuwie owijane
itm_carbatinae_vc1s_pl|Obuwie owijane
itm_carbatinae_vc2s|Obuwie owijane
itm_carbatinae_vc2s_pl|Obuwie owijane
itm_carbatinae_vc3s|Obuwie owijane
itm_carbatinae_vc3s_pl|Obuwie owijane
itm_carbatinae_vc4s|Obuwie owijane
itm_carbatinae_vc4s_pl|Obuwie owijane
itm_carbatinae_1v|Obuwie owijane
itm_carbatinae_1v_pl|Obuwie owijane
itm_carbatinae_2v|Obuwie owijane
itm_carbatinae_2v_pl|Obuwie owijane
itm_carbatinae_3v|Obuwie owijane
itm_carbatinae_3v_pl|Obuwie owijane
itm_carbatinae_4v|Obuwie owijane
itm_carbatinae_4v_pl|Obuwie owijane
itm_carbatinae_5v|Obuwie owijane
itm_carbatinae_5v_pl|Obuwie owijane
itm_carbatinae_6v|Obuwie owijane
itm_carbatinae_6v_pl|Obuwie owijane
itm_carbatinae_vc1v|Obuwie owijane
itm_carbatinae_vc1v_pl|Obuwie owijane
itm_carbatinae_vc2v|Obuwie owijane
itm_carbatinae_vc2v_pl|Obuwie owijane
itm_carbatinae_11q|Dobre Obuwie owijane
itm_carbatinae_11q_pl|Dobre Obuwie owijane
itm_carbatinae_12q|Dobre Obuwie owijane
itm_carbatinae_12q_pl|Dobre Obuwie owijane
itm_carbatinae_11qs|Dobre Obuwie owijane
itm_carbatinae_11qs_pl|Dobre Obuwie owijane
itm_carbatinae_12qs|Dobre Obuwie owijane
itm_carbatinae_12qs_pl|Dobre Obuwie owijane
itm_carbatinae_13qs|Dobre Obuwie owijane
itm_carbatinae_13qs_pl|Dobre Obuwie owijane
itm_carbatinae_14qs|Quality Obuwie owijane
itm_carbatinae_14qs_pl|Quality Obuwie owijane
itm_carbatinae_14qv|Dobre Obuwie owijane
itm_carbatinae_14qv_pl|Dobre Obuwie owijane
itm_bare_foot_man|Bose stopy
itm_bare_foot_man_pl|Bose stopy
itm_just_man_boots_medium|Buty
itm_just_man_boots_medium_pl|Buty
itm_just_man_boots_light|Lekkie buty
itm_just_man_boots_light_pl|Lekkie buty
itm_just_man_shoes|Obuwie
itm_just_man_shoes_pl|Obuwie
itm_just_man_boots_dark|Dobre Ciemne buty
itm_just_man_boots_dark_pl|Dobre Ciemne buty
itm_gaelshoes_1|Buty Godelickie
itm_gaelshoes_1_pl|Buty Godelickie
itm_gaelshoes_2|Buty Godelickie
itm_gaelshoes_2_pl|Buty Godelickie
itm_gaelshoes_3|Buty Godelickie
itm_gaelshoes_3_pl|Buty Godelickie
itm_womenshoes_1|Obuwie
itm_womenshoes_1_pl|Obuwie
itm_womenshoes_2|Dobre Buty
itm_womenshoes_2_pl|Dobre Buty
itm_womenshoes_3|Buty
itm_womenshoes_3_pl|Buty
itm_womenshoes_4|Buty
itm_womenshoes_4_pl|Buty
itm_womenshoes_5|Nagie nogi
itm_womenshoes_5_pl|Nagie nogi
itm_womenshoes_6|Obuwie
itm_womenshoes_6_pl|Obuwie
itm_womenshoes_7|Obuwie
itm_womenshoes_7_pl|Obuwie
itm_womenshoes_8|Nagie nogi
itm_womenshoes_8_pl|Nagie nogi
itm_long_tunic1|Długa tunika
itm_long_tunic1_pl|Długa tunika
itm_nobleman_outfit|Długa tunika
itm_nobleman_outfit_pl|Długa tunika
itm_troll_tunic|Długa tunika
itm_troll_tunic_pl|Długa tunika
itm_priest1|Sutanna Księdza
itm_priest1_pl|Sutanna Księdza
itm_priest2|Sutanna Księdza
itm_priest2_pl|Sutanna Księdza
itm_robe|Sutanna Mnicha
itm_robe_pl|Sutanna Mnicha
itm_robe2|Sutanna Mnicha
itm_robe2_pl|Sutanna Mnicha
itm_robe3|Sutanna Mnicha
itm_robe3_pl|Sutanna Mnicha
itm_robe4|Sutanna Mnicha
itm_robe4_pl|Sutanna Mnicha
itm_robe5|Sutanna Mnicha
itm_robe5_pl|Sutanna Mnicha
itm_robe6|Sutanna Mnicha
itm_robe6_pl|Sutanna Mnicha
itm_robe7|Sutanna Mnicha
itm_robe7_pl|Sutanna Mnicha
itm_robe8|Sutanna Mnicha
itm_robe8_pl|Sutanna Mnicha
itm_robe9|Sutanna Mnicha
itm_robe9_pl|Sutanna Mnicha
itm_robe10|Sutanna Mnicha
itm_robe10_pl|Sutanna Mnicha
itm_ptunic_1|Czarna Kiepska tunika
itm_ptunic_1_pl|Czarna Kiepska tunika
itm_ptunic_2|Niebieska Kiepska tunika
itm_ptunic_2_pl|Niebieska Kiepska tunika
itm_ptunic_3|Zielona Kiepska tunika
itm_ptunic_3_pl|Zielona Kiepska tunika
itm_ptunic_4|Pomarańczowa Kiepska tunika
itm_ptunic_4_pl|Pomarańczowa Kiepska tunika
itm_ptunic_5|Biała Kiepska tunika
itm_ptunic_5_pl|Biała Kiepska tunika
itm_ptunic_6|Biała Kiepska tunika
itm_ptunic_6_pl|Biała Kiepska tunika
itm_ptunic_7|Czarna Kiepska tunika
itm_ptunic_7_pl|Czarna Kiepska tunika
itm_ptunic_8|Niebieska Kiepska tunika
itm_ptunic_8_pl|Niebieska Kiepska tunika
itm_ptunic_9|Zielona Kiepska tunika
itm_ptunic_9_pl|Zielona Kiepska tunika
itm_ptunic_10|Pomarańczowa Kiepska tunika
itm_ptunic_10_pl|Pomarańczowa Kiepska tunika
itm_ptunic_11|Biała Kiepska tunika
itm_ptunic_11_pl|Biała Kiepska tunika
itm_ptunic_12|Yellow Kiepska tunika
itm_ptunic_12_pl|Yellow Kiepska tunika
itm_btunic_1|Czarna tunika
itm_btunic_1_pl|Czarna tunika
itm_btunic_2|Niebieska tunika
itm_btunic_2_pl|Niebieska tunika
itm_btunic_3|Zielona tunika
itm_btunic_3_pl|Zielona tunika
itm_btunic_4|Pomarańczowa tunika
itm_btunic_4_pl|Pomarańczowa tunika
itm_btunic_5|Biała tunika
itm_btunic_5_pl|Biała tunika
itm_btunic_6|Czarna tunika
itm_btunic_6_pl|Czarna tunika
itm_btunic_7|Niebieska tunika
itm_btunic_7_pl|Niebieska tunika
itm_btunic_8|Zielona tunika
itm_btunic_8_pl|Zielona tunika
itm_btunic_9|Pomarańczowa tunika
itm_btunic_9_pl|Pomarańczowa tunika
itm_btunic_10|Biała tunika
itm_btunic_10_pl|Biała tunika
itm_btunic_11|Czerwona tunika
itm_btunic_11_pl|Czerwona tunika
itm_btunic_12|Czerwona tunika
itm_btunic_12_pl|Czerwona tunika
itm_btunic_13|Zółta tunika
itm_btunic_13_pl|Zółta tunika
itm_btunic_14|Zółta tunika
itm_btunic_14_pl|Zółta tunika
itm_btunic_15|Purpurowa tunika
itm_btunic_15_pl|Purpurowa tunika
itm_btunic_16|Purpurowa tunika
itm_btunic_16_pl|Purpurowa tunika
itm_hoodtunic_01|Kaptur
itm_hoodtunic_01_pl|Kaptur
itm_hoodtunic_02|Kaptur
itm_hoodtunic_02_pl|Kaptur
itm_hoodtunic_03|Kaptur
itm_hoodtunic_03_pl|Kaptur
itm_hoodtunic_04|Kaptur
itm_hoodtunic_04_pl|Kaptur
itm_hoodtunic_05|Kaptur
itm_hoodtunic_05_pl|Kaptur
itm_hoodtunic_06|Kaptur
itm_hoodtunic_06_pl|Kaptur
itm_hoodtunic_07|Kaptur
itm_hoodtunic_07_pl|Kaptur
itm_hoodtunic_08|Kaptur
itm_hoodtunic_08_pl|Kaptur
itm_bl_tunic01|Bogata czerwona tunika
itm_bl_tunic01_pl|Bogata czerwonatunika
itm_bl_tunic02|Bogata czerwona tunika
itm_bl_tunic02_pl|Bogata czerwona tunika
itm_bl_tunic03|Bogata niebieska tunika
itm_bl_tunic03_pl|Bogata niebieska tunika
itm_bl_tunic04|Bogata niebieska tunika
itm_bl_tunic04_pl|Bogata niebieska tunika
itm_bl_tunic05|Bogata zielona tunika
itm_bl_tunic05_pl|Bogata zielona tunika
itm_bl_tunic06|Bogata zielona tunika
itm_bl_tunic06_pl|Bogata zielona tunika
itm_bl_tunic07|Bogata Brązowa tunika
itm_bl_tunic07_pl|Bogata Brązowa tunika
itm_bl_tunic08|Bogata Brązowa tunika
itm_bl_tunic08_pl|Bogata Brązowa tunika
itm_bl_tunic09|Bogata Zółta tunika
itm_bl_tunic09_pl|Bogata Zółta tunika
itm_bl_tunic10|Bogata Zółta tunika
itm_bl_tunic10_pl|Bogata Zółta tunika
itm_bl_tunic11|Zielona tunika
itm_bl_tunic11_pl|Zielona tunika
itm_bl_tunic12|Brudna tunika
itm_bl_tunic12_pl|Brudna tunika
itm_red_cloak|Maskująca tunika
itm_red_cloak_pl|Maskująca tunika
itm_yellow_cloak|Maskująca tunika
itm_yellow_cloak_pl|Maskująca tunika
itm_green_cloak|Maskująca tunika
itm_green_cloak_pl|Maskująca tunika
itm_blue_cloak|Maskująca tunika
itm_blue_cloak_pl|Maskująca tunika
itm_leather_cloak|Maskująca tunika
itm_leather_cloak_pl|Maskująca tunika
itm_yellow2_cloak|Maskująca tunika
itm_yellow2_cloak_pl|Maskująca tunika
itm_briton_tunic1|Britońska tunika
itm_briton_tunic1_pl|Britońska tunika
itm_briton_tunic2|Britońska tunika
itm_briton_tunic2_pl|Britońska tunika
itm_briton_tunic3|Britońska tunika
itm_briton_tunic3_pl|Britońska tunika
itm_briton_tunic4|Britońska tunika
itm_briton_tunic4_pl|Britońska tunika
itm_briton_tunic5|Britońska tunika
itm_briton_tunic5_pl|Britońska tunika
itm_briton_tunic6|Britońska tunika
itm_briton_tunic6_pl|Britońska tunika
itm_briton_tunic7|Britońska tunika
itm_briton_tunic7_pl|Britońska tunika
itm_briton_tunic8|Britońska tunika
itm_briton_tunic8_pl|Britońska tunika
itm_briton_tunic9|Zielona Britońska tunika
itm_briton_tunic9_pl|Zielona Britońska tunika
itm_briton_tunic10|Zielona Britońska tunika
itm_briton_tunic10_pl|Zielona Britońska tunika
itm_briton_tunic11|Biała Britońska tunika
itm_briton_tunic11_pl|Biała Britońska tunika
itm_briton_tunic12|Biała Britońska tunika
itm_briton_tunic12_pl|Biała Britońska tunika
itm_briton_tunic13|Czarna Britońska tunika
itm_briton_tunic13_pl|Czarna Britońska tunika
itm_briton_tunic14|Czarna Britońska tunika
itm_briton_tunic14_pl|Czarna Britońska tunika
itm_briton_tunic15|Niebieska Britońska tunika
itm_briton_tunic15_pl|Niebieska Britońska tunika
itm_briton_tunic16|Niebieska Britońska tunika
itm_briton_tunic16_pl|Niebieska Britońska tunika
itm_briton_tunic17|Czerwona Britońska tunika
itm_briton_tunic17_pl|Czerwona Britońska tunika
itm_briton_tunic18|Czerwona Britońska tunika
itm_briton_tunic18_pl|Czerwona Britońska tunika
itm_briton_tunic19|Żółta Britońska tunika
itm_briton_tunic19_pl|Żółta Britońska tunika
itm_briton_tunic20|Żółta Britońska tunika
itm_briton_tunic20_pl|Żółta Britońska tunika
itm_briton_tunic21|Pomarańczowa Britońska tunika
itm_briton_tunic21_pl|Pomarańczowa Britońska tunika
itm_briton_tunic22|Pomarańczowa Britońska tunika
itm_briton_tunic22_pl|Pomarańczowa Britońska tunika
itm_briton_tunic23|Bogata Britońska tunika
itm_briton_tunic23_pl|Bogata Britońska tunika
itm_briton_tunic24|Bogata Britońska tunika
itm_briton_tunic24_pl|Bogata Britońska tunika
itm_briton_tunic25|Britońska tunika
itm_briton_tunic25_pl|Britońska tunika
itm_briton_tunic26|Britońska tunika
itm_briton_tunic26_pl|Britońska tunika
itm_briton_tunic27|Britońska tunika
itm_briton_tunic27_pl|Britońska tunika
itm_briton_tunic28|Britońska tunika
itm_briton_tunic28_pl|Britońska tunika
itm_celta_capa1|Godelicki płaszcz
itm_celta_capa1_pl|Godelicki płaszcz
itm_celta_capa2|Godelicki Długi płaszcz
itm_celta_capa2_pl|Godelicki Długi płaszcz
itm_celta_capa3|Godelicki płaszcz
itm_celta_capa3_pl|Godelicki płaszcz
itm_celta_capa4|Godelicki Długi płaszcz
itm_celta_capa4_pl|Godelicki Długi płaszcz
itm_brat1|Godelicki Bogaty płaszcz
itm_brat1_pl|Godelicki Bogaty płaszcz
itm_brat2|Godelicki Bogaty płaszcz
itm_brat2_pl|Godelicki Bogaty płaszcz
itm_brat3|Godelicki Bogaty płaszcz
itm_brat3_pl|Godelicki Bogaty Długi płaszcz
itm_brat4|Godelicki Bogaty Długi płaszcz
itm_brat4_pl|Godelicki Bogaty Długi płaszcz
itm_gael_tunic_01|Godelicka tunika
itm_gael_tunic_01_pl|Godelicka tunika
itm_gael_tunic_02|Godelicka tunika
itm_gael_tunic_02_pl|Godelicka tunika
itm_gael_tunic_03|Godelicka tunika
itm_gael_tunic_03_pl|Godelicka tunika
itm_gael_tunic_04|Godelicka tunika
itm_gael_tunic_04_pl|Godelicka tunika
itm_gael_tunic_05|Maskująca Godelicka tunika
itm_gael_tunic_05_pl|Maskująca Godelicka tunika
itm_gael_tunic_06|Maskująca Godelicka tunika
itm_gael_tunic_06_pl|Maskująca Godelicka tunika
itm_gael_tunic_07|Maskująca Godelicka tunika
itm_gael_tunic_07_pl|Maskująca Godelicka tunika
itm_gael_tunic_08|Maskująca Godelicka tunika
itm_gael_tunic_08_pl|Maskująca Godelicka tunika
itm_gael_hoodtunic_09|Tunika z kapturem
itm_gael_hoodtunic_09_pl|Tunika z kapturem
itm_gael_hoodtunic_10|Tunika z kapturem
itm_gael_hoodtunic_10_pl|Tunika z kapturem
itm_gael_hoodtunic_11|Tunika z kapturem
itm_gael_hoodtunic_11_pl|Tunika z kapturem
itm_gael_hoodtunic_12|Tunika z kapturem
itm_gael_hoodtunic_12_pl|Tunika z kapturem
itm_picts_tunic_09|Niebieska Piktyjska tunika
itm_picts_tunic_09_pl|Niebieska Piktyjska tunika
itm_picts_tunic_10|Zielona Piktyjska tunika
itm_picts_tunic_10_pl|Zielona Piktyjska tunika
itm_picts_tunic_11|Red Piktyjska tunika
itm_picts_tunic_11_pl|Red Piktyjska tunika
itm_picts_tunic_12|Bogata Piktyjska tunika
itm_picts_tunic_12_pl|Bogata Piktyjska tunika
itm_picts_tunic_13|Pomarańczowa Piktyjska tunika
itm_picts_tunic_13_pl|Pomarańczowa Piktyjska tunika
itm_picts_tunic_14|Żółta Piktyjska tunika
itm_picts_tunic_14_pl|Żółta Piktyjska tunika
itm_picts_tunic_15|Biała Piktyjska tunika
itm_picts_tunic_15_pl|Biała Piktyjska tunika
itm_picts_tunic_16|Czarna Piktyjska tunika
itm_picts_tunic_16_pl|Czarna Piktyjska tunika
itm_pictish_painted1|Piktyjski Tors
itm_pictish_painted1_pl|Piktyjski Tors
itm_pictish_painted2|Piktyjski Tors
itm_pictish_painted2_pl|Piktyjski Tors
itm_pictish_painted3|Piktyjski Tors
itm_pictish_painted3_pl|Piktyjski Tors
itm_pictish_painted4|Piktyjski Tors
itm_pictish_painted4_pl|Piktyjski Tors
itm_picts_hoodtunic_01|Piktyjski Kaptur
itm_picts_hoodtunic_01_pl|Piktyjski Kaptur
itm_picts_hoodtunic_02|Piktyjski Kaptur
itm_picts_hoodtunic_02_pl|Piktyjski Kaptur
itm_picts_hoodtunic_03|Piktyjski Kaptur
itm_picts_hoodtunic_03_pl|Piktyjski Kaptur
itm_picts_hoodtunic_04|Piktyjski Kaptur
itm_picts_hoodtunic_04_pl|Piktyjski Kaptur
itm_picts_hoodtunic_05|Piktyjski Kaptur
itm_picts_hoodtunic_05_pl|Piktyjski Kaptur
itm_picts_hoodtunic_06|Piktyjski Kaptur
itm_picts_hoodtunic_06_pl|Piktyjski Kaptur
itm_picts_hoodtunic_07|Piktyjski Kaptur
itm_picts_hoodtunic_07_pl|Piktyjski Kaptur
itm_picts_hoodtunic_11|Piktyjska tunika z kapturem
itm_picts_hoodtunic_11_pl|Piktyjska tunika z kapturem
itm_picts_hoodtunic_12|Piktyjska tunika z kapturem
itm_picts_hoodtunic_12_pl|Piktyjska tunika z kapturem
itm_picts_hoodtunic_13|Piktyjska tunika z kapturem
itm_picts_hoodtunic_13_pl|Piktyjska tunika z kapturem
itm_picts_hoodtunic_14|Piktyjska tunika z kapturem
itm_picts_hoodtunic_14_pl|Piktyjska tunika z kapturem
itm_picts_hoodtunic_15|Piktyjska tunika z kapturem
itm_picts_hoodtunic_15_pl|Piktyjska tunika z kapturem
itm_picts_hoodtunic_16|Piktyjska tunika z kapturem
itm_picts_hoodtunic_16_pl|Piktyjska tunika z kapturem
itm_picts_hoodtunic_17|Piktyjska tunika z kapturem
itm_picts_hoodtunic_17_pl|Piktyjska tunika z kapturem
itm_picts_hoodtunic_18|Piktyjska tunika z kapturem
itm_picts_hoodtunic_18_pl|Piktyjska tunika z kapturem
itm_linen_tunic|PĹ‚Ăłcienna tunika
itm_linen_tunic_pl|PĹ‚Ăłcienna tunika
itm_woman_saxon1|Suknia
itm_woman_saxon1_pl|Suknia
itm_woman_saxon2|Suknia
itm_woman_saxon2_pl|Suknia
itm_woman_saxon3|Suknia
itm_woman_saxon3_pl|Suknia
itm_woman_saxon4|Suknia
itm_woman_saxon4_pl|Suknia
itm_woman_saxon5|Suknia
itm_woman_saxon5_pl|Suknia
itm_woman_saxon6|Suknia
itm_woman_saxon6_pl|Suknia
itm_woman_saxon7|Suknia
itm_woman_saxon7_pl|Suknia
itm_woman_saxon8|Suknia
itm_woman_saxon8_pl|Suknia
itm_woman_saxon9|Suknia
itm_woman_saxon9_pl|Suknia
itm_woman_saxon10|Suknia
itm_woman_saxon10_pl|Suknia
itm_woman_saxon11|Suknia
itm_woman_saxon11_pl|Suknia
itm_richwoman_saxon1|Bogata Suknia
itm_richwoman_saxon1_pl|Bogata Suknia
itm_richwoman_saxon2|Bogata Suknia
itm_richwoman_saxon2_pl|Bogata Suknia
itm_richwoman_saxon3|Bogata Suknia
itm_richwoman_saxon3_pl|Bogata Suknia
itm_richwoman_saxon4|Bogata Suknia
itm_richwoman_saxon4_pl|Bogata Suknia
itm_richwoman_saxon5|Bogata Suknia
itm_richwoman_saxon5_pl|Bogata Suknia
itm_richwoman_saxon6|Bogata Suknia
itm_richwoman_saxon6_pl|Bogata Suknia
itm_richwoman_saxon7|Bogata Suknia
itm_richwoman_saxon7_pl|Bogata Suknia
itm_richwoman_saxon8|Bogata Suknia
itm_richwoman_saxon8_pl|Bogata Suknia
itm_richwoman_saxon9|Bogata Suknia
itm_richwoman_saxon9_pl|Bogata Suknia
itm_queenwoman_saxon|Purpurowa Suknia
itm_queenwoman_saxon_pl|Purpurowa Suknia
itm_queenpict_long_tunic|Bogata Suknia
itm_queenpict_long_tunic_pl|Bogata Suknia
itm_pict_richlong_tunic1|Bogata Suknia
itm_pict_richlong_tunic1_pl|Bogata Suknia
itm_pict_richlong_tunic2|Bogata Suknia
itm_pict_richlong_tunic2_pl|Bogata Suknia
itm_pict_richlong_tunic3|Bogata Suknia
itm_pict_richlong_tunic3_pl|Bogata Suknia
itm_pict_long_tunic1|Suknia
itm_pict_long_tunic1_pl|Suknia
itm_pict_long_tunic2|Suknia
itm_pict_long_tunic2_pl|Suknia
itm_pict_long_tunic3|Suknia
itm_pict_long_tunic3_pl|Suknia
itm_pict_long_tunic4|Suknia
itm_pict_long_tunic4_pl|Suknia
itm_pict_long_tunic5|Suknia
itm_pict_long_tunic5_pl|Suknia
itm_pict_long_tunic6|Suknia
itm_pict_long_tunic6_pl|Suknia
itm_woman_norse1|Suknia
itm_woman_norse1_pl|Suknia
itm_woman_norse2|Suknia
itm_woman_norse2_pl|Suknia
itm_woman_norse3|Suknia
itm_woman_norse3_pl|Suknia
itm_woman_norse4|Suknia
itm_woman_norse4_pl|Suknia
itm_woman_norse5|Suknia
itm_woman_norse5_pl|Suknia
itm_woman_norse6|Suknia
itm_woman_norse6_pl|Suknia
itm_richwoman_norse1|Bogata Suknia
itm_richwoman_norse1_pl|Bogata Suknia
itm_richwoman_norse2|Bogata Suknia
itm_richwoman_norse2_pl|Bogata Suknia
itm_richwoman_norse3|Bogata Suknia
itm_richwoman_norse3_pl|Bogata Suknia
itm_richwoman_norse4|Bogata Suknia
itm_richwoman_norse4_pl|Bogata Suknia
itm_btunic_1woman|Kobieca krótka tunika
itm_btunic_1woman_pl|Kobieca krótka tunika
itm_btunic_2woman|Kobieca krótka tunika
itm_btunic_2woman_pl|Kobieca krótka tunika
itm_btunic_3woman|Kobieca krótka tunika
itm_btunic_3woman_pl|Kobieca krótka tunika
itm_btunic_4woman|Kobieca krótka tunika
itm_btunic_4woman_pl|Kobieca krótka tunika
itm_btunic_5woman|Kobieca krótka tunika
itm_btunic_5woman_pl|Kobieca krótka tunika
itm_btunic_6woman|Kobieca krótka tunika
itm_btunic_6woman_pl|Kobieca krótka tunika
itm_btunic_7woman|Kobieca krótka tunika
itm_btunic_7woman_pl|Kobieca krótka tunika
itm_btunic_8woman|Kobieca krótka tunika
itm_btunic_8woman_pl|Kobieca krótka tunika
itm_ptunic_1woman|Kobieca krótka tunika
itm_ptunic_1woman_pl|Kobieca krótka tunika
itm_ptunic_2woman|Kobieca krótka tunika
itm_ptunic_2woman_pl|Kobieca krótka tunika
itm_ptunic_3woman|Kobieca krótka tunika
itm_ptunic_3woman_pl|Kobieca krótka tunika
itm_ptunic_4woman|Kobieca krótka tunika
itm_ptunic_4woman_pl|Kobieca krótka tunika
itm_ptunic_5woman|Kobieca krótka tunika
itm_ptunic_5woman_pl|Kobieca krótka tunika
itm_ptunic_6woman|Kobieca krótka tunika
itm_ptunic_6woman_pl|Kobieca krótka tunika
itm_ptunic_7woman|Kobieca krótka tunika
itm_ptunic_7woman_pl|Kobieca krótka tunika
itm_gaeltunic_1woman|Kobieca krótka tunika
itm_gaeltunic_1woman_pl|Kobieca krótka tunika
itm_gaeltunic_2woman|Kobieca krótka tunika
itm_gaeltunic_2woman_pl|Kobieca krótka tunika
itm_gaeltunic_3woman|Kobieca krótka tunika
itm_gaeltunic_3woman_pl|Kobieca krótka tunika
itm_gaeltunic_4woman|Kobieca krótka tunika
itm_gaeltunic_4woman_pl|Kobieca krótka tunika
itm_gaeltunic_5woman|Kobieca krótka tunika
itm_gaeltunic_5woman_pl|Kobieca krótka tunika
itm_gaeltunic_6woman|Kobieca krótka tunika
itm_gaeltunic_6woman_pl|Kobieca krótka tunika
itm_gaeltunic_7woman|Kobieca krótka tunika
itm_gaeltunic_7woman_pl|Kobieca krótka tunika
itm_gaeltunic_8woman|Purpurowa Kobieca krótka tunika
itm_gaeltunic_8woman_pl|Purpurowa Kobieca krótka tunika
itm_britontunic_1woman|Czarna tunika
itm_britontunic_1woman_pl|Czarna tunika
itm_britontunic_2woman|Niebieska tunika
itm_britontunic_2woman_pl|Niebieska tunika
itm_britontunic_3woman|Zielona tunika
itm_britontunic_3woman_pl|Zielona tunika
itm_britontunic_4woman|Pomarańczowa tunika
itm_britontunic_4woman_pl|Pomarańczowa tunika
itm_britontunic_5woman|Biała tunika
itm_britontunic_5woman_pl|Biała tunika
itm_britontunic_6woman|Żółta tunika
itm_britontunic_6woman_pl|Żółta tunika
itm_britontunic_7woman|Czerwona tunika
itm_britontunic_7woman_pl|Czerwona tunika
itm_britontunic_8woman|Purpurowa tunika
itm_britontunic_8woman_pl|Purpurowa tunika
itm_veil_a|Welon
itm_veil_a_pl|Welon
itm_veil_b|Niebieski Welon
itm_veil_b_pl|Niebieski Welon
itm_veil_c|Pomarańczow Welon
itm_veil_c_pl|Pomarańczowy Welon
itm_veil_d|Ciemny Kaptur
itm_veil_d_pl|Ciemny Kaptur
itm_veil_e|Biały Kaptur
itm_veil_e_pl|Biały Kaptur
itm_veil_f|Niebieski Welon
itm_veil_f_pl|Niebieski Welon
itm_elite_veil_1|Kobiecy Welon
itm_elite_veil_1_pl|Kobiecy Welon
itm_elite_veil_2|Kobiecy Welon
itm_elite_veil_2_pl|Kobiecy Welon
itm_elite_veil_3|Kobiecy Welon
itm_elite_veil_3_pl|Kobiecy Welon
itm_elite_veil_4|Kobiecy Welon
itm_elite_veil_4_pl|Kobiecy Welon
itm_common_veil_a|Welon
itm_common_veil_a_pl|Welon
itm_common_veil_b|Welon
itm_common_veil_b_pl|Welon
itm_common_veil_c|Welon
itm_common_veil_c_pl|Welon
itm_common_veil_d|Welon
itm_common_veil_d_pl|Welon
itm_common_veil_e|Welon
itm_common_veil_e_pl|Welon
itm_common_veil_f|Welon
itm_common_veil_f_pl|Welon
itm_elite_veil_5|Kobiecy Welon
itm_elite_veil_5_pl|Kobiecy Welon
itm_elite_veil_6|Kobiecy Welon
itm_elite_veil_6_pl|Kobiecy Welon
itm_elite_veil_7|Kobiecy Welon
itm_elite_veil_7_pl|Kobiecy Welon
itm_elite_veil_8|Kobiecy Welon
itm_elite_veil_8_pl|Kobiecy Welon
itm_gambeson1|Krótka Przeszywanica
itm_gambeson1_pl|Krótka Przeszywanica
itm_gambeson2|Krótka Przeszywanica
itm_gambeson2_pl|Krótka Przeszywanica
itm_gambeson3|Krótka Przeszywanica
itm_gambeson3_pl|Krótka Przeszywanica
itm_gambeson4|Krótka Przeszywanica
itm_gambeson4_pl|Krótka Przeszywanica
itm_gambeson5|Krótka Przeszywanica
itm_gambeson5_pl|Krótka Przeszywanica
itm_gambeson6|Krótka Przeszywanica
itm_gambeson6_pl|Krótka Przeszywanica
itm_gambeson7|Krótka Przeszywanica
itm_gambeson7_pl|Krótka Przeszywanica
itm_gambeson8|Krótka Przeszywanica
itm_gambeson8_pl|Krótka Przeszywanica
itm_gambeson9|Krótka Przeszywanica
itm_gambeson9_pl|Krótka Przeszywanica
itm_gambeson10|Krótka Przeszywanica
itm_gambeson10_pl|Krótka Przeszywanica
itm_gambeson11|Krótka Przeszywanica
itm_gambeson11_pl|Krótka Przeszywanica
itm_gambeson12|Krótka Przeszywanica
itm_gambeson12_pl|Krótka Przeszywanica
itm_gambeson13|Krótka Przeszywanica
itm_gambeson13_pl|Krótka Przeszywanica
itm_gambeson14|Krótka Przeszywanica
itm_gambeson14_pl|Krótka Przeszywanica
itm_gambeson15|Krótka Przeszywanica
itm_gambeson15_pl|Krótka Przeszywanica
itm_gambeson16|Krótka Przeszywanica
itm_gambeson16_pl|Krótka Przeszywanica
itm_gambeson17|Krótka Przeszywanica
itm_gambeson17_pl|Krótka Przeszywanica
itm_gambeson18|Krótka Przeszywanica
itm_gambeson18_pl|Krótka Przeszywanica
itm_gambeson19|Krótka Przeszywanica
itm_gambeson19_pl|Krótka Przeszywanica
itm_gambeson20|Krótka Przeszywanica
itm_gambeson20_pl|Krótka Przeszywanica
itm_gambeson21|Krótka Przeszywanica
itm_gambeson21_pl|Krótka Przeszywanica
itm_gambeson22|Krótka Przeszywanica
itm_gambeson22_pl|Krótka Przeszywanica
itm_gambeson23|Krótka Przeszywanica
itm_gambeson23_pl|Krótka Przeszywanica
itm_gambeson24|Krótka Przeszywanica
itm_gambeson24_pl|Krótka Przeszywanica
itm_gambeson1gael|Piktyjski kaftan
itm_gambeson1gael_pl|Piktyjski kaftan
itm_gambeson2gael|Piktyjski kaftan
itm_gambeson2gael_pl|Piktyjski kaftan
itm_gambeson3gael|Piktyjski kaftan
itm_gambeson3gael_pl|Piktyjski kaftan
itm_gambeson4gael|Piktyjski kaftan
itm_gambeson4gael_pl|Piktyjski kaftan
itm_gambeson5gael|Piktyjski kaftan
itm_gambeson5gael_pl|Piktyjski kaftan
itm_gambeson6gael|Piktyjski kaftan
itm_gambeson6gael_pl|Piktyjski kaftan
itm_gambeson7gael|Piktyjski kaftan
itm_gambeson7gael_pl|Piktyjski kaftan
itm_gambeson8gael|Piktyjski kaftan
itm_gambeson8gael_pl|Piktyjski kaftan
itm_gambeson9gael|Godelicki kaftan
itm_gambeson9gael_pl|Godelicki kaftan
itm_gambeson10gael|Godelicki kaftan
itm_gambeson10gael_pl|Godelicki kaftan
itm_gambeson11gael|Godelicki kaftan
itm_gambeson11gael_pl|Godelicki kaftan
itm_gambeson12gael|Godelicki kaftan
itm_gambeson12gael_pl|Godelicki kaftan
itm_gambeson13gael|Maskujący Godelicki kaftan
itm_gambeson13gael_pl|Maskujący Godelicki kaftan
itm_gambeson14gael|Maskujący Godelicki kaftan
itm_gambeson14gael_pl|Maskujący Godelicki kaftan
itm_gambeson15gael|Maskujący Godelicki kaftan
itm_gambeson15gael_pl|Maskujący Godelicki kaftan
itm_gambeson16gael|Maskujący Godelicki kaftan
itm_gambeson16gael_pl|Maskujący Godelicki kaftan
itm_gambeson1cloak|Maskująca Krótka Przeszywanica
itm_gambeson1cloak_pl|Maskująca Krótka Przeszywanica
itm_gambeson2cloak|Maskująca Krótka Przeszywanica
itm_gambeson2cloak_pl|Maskująca Krótka Przeszywanica
itm_gambeson5cloak|Maskująca Krótka Przeszywanica
itm_gambeson5cloak_pl|Maskująca Krótka Przeszywanica
itm_gambeson6cloak|Maskująca Krótka Przeszywanica
itm_gambeson6cloak_pl|Maskująca Krótka Przeszywanica
itm_gambeson3cloak|Maskująca Długa Przeszywanica
itm_gambeson3cloak_pl|Maskująca Długa Przeszywanica
itm_gambeson4cloak|Maskująca Długa Przeszywanica
itm_gambeson4cloak_pl|Maskująca Długa Przeszywanica
itm_gambeson25|Przeszywanica
itm_gambeson25_pl|Przeszywanica
itm_gambeson26|Przeszywanica
itm_gambeson26_pl|Przeszywanica
itm_gambeson27|Przeszywanica
itm_gambeson27_pl|Przeszywanica
itm_gambeson28|Przeszywanica
itm_gambeson28_pl|Przeszywanica
itm_gambeson29|Przeszywanica
itm_gambeson29_pl|Przeszywanica
itm_gambeson30|Przeszywanica
itm_gambeson30_pl|Przeszywanica
itm_gambeson31|Przeszywanica
itm_gambeson31_pl|Przeszywanica
itm_gambeson32|Przeszywanica
itm_gambeson32_pl|Przeszywanica
itm_gambeson33|Długa Przeszywanica
itm_gambeson33_pl|Długa Przeszywanica
itm_gambeson34|Długa Przeszywanica
itm_gambeson34_pl|Długa Przeszywanica
itm_gambeson35|Długa Przeszywanica
itm_gambeson35_pl|Długa Przeszywanica
itm_gambeson36|Długa Przeszywanica
itm_gambeson36_pl|Długa Przeszywanica
itm_gambeson37|Długa Przeszywanica
itm_gambeson37_pl|Długa Przeszywanica
itm_gambeson38|Długa Przeszywanica
itm_gambeson38_pl|Długa Przeszywanica
itm_gambeson39|Długa Przeszywanica
itm_gambeson39_pl|Długa Przeszywanica
itm_gambeson40|Długa Przeszywanica
itm_gambeson40_pl|Długa Przeszywanica
itm_gambeson41|Długa Przeszywanica
itm_gambeson41_pl|Długa Przeszywanica
itm_gambeson42|Długa Przeszywanica
itm_gambeson42_pl|Długa Przeszywanica
itm_gambeson43|Długa Przeszywanica
itm_gambeson43_pl|Długa Przeszywanica
itm_gambeson44|Długa Przeszywanica
itm_gambeson44_pl|Długa Przeszywanica
itm_gambeson45|Długa Przeszywanica
itm_gambeson45_pl|Długa Przeszywanica
itm_gambeson46|Długa Przeszywanica
itm_gambeson46_pl|Długa Przeszywanica
itm_gambeson47|Długa Przeszywanica
itm_gambeson47_pl|Długa Przeszywanica
itm_gambeson48|Długa Przeszywanica
itm_gambeson48_pl|Długa Przeszywanica
itm_mail_shirt|Kolczuga
itm_mail_shirt_pl|Kolczuga
itm_mail_shirt_1|Kolczuga
itm_mail_shirt_1_pl|Kolczuga
itm_mail_shirt_2|Kolczuga
itm_mail_shirt_2_pl|Kolczuga
itm_mail_shirt_3|Niebieska Stalowa Kolczuga
itm_mail_shirt_3_pl|Niebieska Stalowa Kolczuga
itm_mail_shirt_6|Kolczuga z Futrem
itm_mail_shirt_6_pl|Kolczuga z Futrem
itm_mail_shirt_7|Kolczuga z Futrem
itm_mail_shirt_7_pl|Kolczuga z Futrem
itm_mail_shirt_8|Kolczuga z Futrem
itm_mail_shirt_8_pl|Kolczuga z Futrem
itm_mail_shirt_9|Kolczuga z Futrem
itm_mail_shirt_9_pl|Kolczuga z Futrem
itm_mail_shirt_10|Niebieska Stalowa Kolczuga
itm_mail_shirt_10_pl|Niebieska Stalowa Kolczuga
itm_mail_shirt_11|Kolczuga Nordycka
itm_mail_shirt_11_pl|Kolczuga Nordycka
itm_mail_shirt_11_2|Kolczuga Nordycka
itm_mail_shirt_11_2_pl|Kolczuga Nordycka
itm_mail_shirt_11_3|Kolczuga Nordycka
itm_mail_shirt_11_3_pl|Kolczuga Nordycka
itm_mail_shirt_12|Niebieska stalowa Kolczuga z podszewką
itm_mail_shirt_12_pl|Niebieska stalowa Kolczuga z podszewką
itm_mail_shirt_13|Niebieska stalowa Kolczuga podszewką
itm_mail_shirt_13_pl|Niebieska stalowa Kolczuga podszewką
itm_mail_shirt_4|Saska Kolczuga
itm_mail_shirt_4_pl|Saska Kolczuga
itm_mail_shirt_5|Saska Kolczuga
itm_mail_shirt_5_pl|Saska Kolczuga
itm_mail_shirt_5_1|Saska Kolczuga
itm_mail_shirt_5_1_pl|Saska Kolczuga
itm_mail_shirt_5_2|Saska Kolczuga
itm_mail_shirt_5_2_pl|Saska Kolczuga
itm_mail_shirt_12_1|Godelicka Kolczuga
itm_mail_shirt_12_1_pl|Godelicka Kolczuga
itm_mail_shirt_12_2|Godelicka Kolczuga
itm_mail_shirt_12_2_pl|Godelicka Kolczuga
itm_mail_shirt_12_3|Godelicka Kolczuga
itm_mail_shirt_12_3_pl|Godelicka Kolczuga
itm_mail_shirt_12_4|Godelicka Kolczuga
itm_mail_shirt_12_4_pl|Godelicka Kolczuga
itm_mail_shirt_13_1|Godelicka Kolczuga
itm_mail_shirt_13_1_pl|Godelicka Kolczuga
itm_mail_shirt_13_2|Godelicka Kolczuga
itm_mail_shirt_13_2_pl|Godelicka Kolczuga
itm_mail_shirt_13_3|Godelicka Kolczuga
itm_mail_shirt_13_3_pl|Godelicka Kolczuga
itm_mail_shirt_13_4|Godelicki Kolczuga
itm_mail_shirt_13_4_pl|Godelicka Kolczuga
itm_byrnie|Kolczuga
itm_byrnie_pl|Kolczuga
itm_byrnie2|Kolczuga
itm_byrnie2_pl|Kolczuga
itm_byrnie3|Kolczuga
itm_byrnie3_pl|Kolczuga
itm_byrnie4|Kolczuga
itm_byrnie4_pl|Kolczuga
itm_byrnie5|Niebieska stalowa Kolczuga
itm_byrnie5_pl|Niebieska stalowa Kolczuga
itm_byrnie6|Niebieska stalowa Kolczuga
itm_byrnie6_pl|Niebieska stalowa Kolczuga
itm_byrnie7|Kolczuga
itm_byrnie7_pl|Kolczuga
itm_byrnie8|Kolczuga
itm_byrnie8_pl|Kolczuga
itm_byrnie9|Kolczuga z Futrem
itm_byrnie9_pl|Kolczuga z Futrem
itm_byrnie10|Maskująca Kolczuga z Futrem
itm_byrnie10_pl|Maskująca Kolczuga z Futrem
itm_byrnie11|Niebieska stalowa Kolczuga
itm_byrnie11_pl|Niebieska stalowa Kolczuga
itm_byrnie12|Maskująca Kolczuga
itm_byrnie12_pl|Maskująca Kolczuga
itm_byrnie13|Maskująca Kolczuga
itm_byrnie13_pl|Maskująca Kolczuga
itm_byrnie14|Niebieska stalowa Kolczuga z podszewką
itm_byrnie14_pl|Niebieska stalowa Kolczuga z podszewką
itm_byrnie15|Kolczuga
itm_byrnie15_pl|Kolczuga
itm_byrnie16|Kolczuga
itm_byrnie16_pl|Kolczuga
itm_byrnie17|Kolczuga
itm_byrnie17_pl|Kolczuga
itm_byrnie18|Kolczuga
itm_byrnie18_pl|Kolczuga
itm_byrnie19|Kolczuga
itm_byrnie19_pl|Kolczuga
itm_byrnie20|Kolczuga
itm_byrnie20_pl|Kolczuga
itm_byrnie21|Kolczuga
itm_byrnie21_pl|Kolczuga
itm_byrnie22|Kolczuga
itm_byrnie22_pl|Kolczuga
itm_byrnie23|Kolczuga
itm_byrnie23_pl|Kolczuga
itm_byrnie24|Kolczuga
itm_byrnie24_pl|Kolczuga
itm_byrnie25|Kolczuga
itm_byrnie25_pl|Kolczuga
itm_byrnie26|Kolczuga
itm_byrnie26_pl|Kolczuga
itm_byrnie27|Kolczuga
itm_byrnie27_pl|Kolczuga
itm_byrnie28|Kolczuga
itm_byrnie28_pl|Kolczuga
itm_byrnie29|Kolczuga
itm_byrnie29_pl|Kolczuga
itm_byrnie30|Kolczuga
itm_byrnie30_pl|Kolczuga
itm_byrnie31|Cloaked Mail
itm_byrnie31_pl|Cloaked Mail
itm_byrnie32|Cloaked Mail
itm_byrnie32_pl|Cloaked Mail
itm_byrnie33|Cloaked Mail
itm_byrnie33_pl|Cloaked Mail
itm_byrnie34|Cloaked Mail
itm_byrnie34_pl|Cloaked Mail
itm_byrnie35|Kolczuga
itm_byrnie35_pl|Kolczuga
itm_byrnie36|Kolczuga
itm_byrnie36_pl|Kolczuga
itm_byrnie37|Kolczuga
itm_byrnie37_pl|Kolczuga
itm_byrnie38|Kolczuga
itm_byrnie38_pl|Kolczuga
itm_orm_byrnie|Kolczuga Orma
itm_orm_byrnie_pl|Kolczuga Orma
itm_lamellar_armor|Zbroja lamelkowa
itm_lamellar_armor_pl|Zbroja lamelkowa
itm_burlap_tunic|Burlap tunika
itm_burlap_tunic_pl|Burlap tunika
itm_hood_01|Kaptur
itm_hood_01_pl|Kaptur
itm_hood_02|Kaptur
itm_hood_02_pl|Kaptur
itm_phrygian1|Czapka Frygijska
itm_phrygian1_pl|Czapka Frygijska
itm_phrygian2|Czapka Frygijska
itm_phrygian2_pl|Czapka Frygijska
itm_phrygian3|Czapka Frygijska
itm_phrygian3_pl|Czapka Frygijska
itm_phrygian4|Czapka Frygijska
itm_phrygian4_pl|Czapka Frygijska
itm_phrygian5|Czapka Frygijska
itm_phrygian5_pl|Czapka Frygijska
itm_phrygian6|Czapka Frygijska
itm_phrygian6_pl|Czapka Frygijska
itm_phrygian7|Dobra Czapka Frygijska
itm_phrygian7_pl|Dobra Czapka Frygijska
itm_phrygian8|Dobra Czapka Frygijska
itm_phrygian8_pl|Dobra Czapka Frygijska
itm_phrygian9|Dobra Czapka Frygijska
itm_phrygian9_pl|Dobra Czapka Frygijska
itm_phrygian10|Dobra Czapka Frygijska
itm_phrygian10_pl|Dobra Czapka Frygijska
itm_phrygian11|Dobra Czapka Frygijska
itm_phrygian11_pl|Dobra Czapka Frygijska
itm_phrygian12|Dobra Czapka Frygijska
itm_phrygian12_pl|Dobra Czapka Frygijska
itm_phrygian13|Dobra Czapka Frygijska
itm_phrygian13_pl|Dobra Czapka Frygijska
itm_phrygian14|Dekorowana Czapka Frygijska
itm_phrygian14_pl|Dekorowana Czapka Frygijska
itm_phrygian15|Dekorowana Czapka Frygijska
itm_phrygian15_pl|Dekorowana Czapka Frygijska
itm_phrygian16|Dekorowana Czapka Frygijska
itm_phrygian16_pl|Dekorowana Czapka Frygijska
itm_phrygian17|Dekorowana Czapka Frygijska
itm_phrygian17_pl|Dekorowana Czapka Frygijska
itm_briton_helm|Prosty hełm
itm_briton_helm_pl|Prosty hełm
itm_briton_helm2|Prosty hełm
itm_briton_helm2_pl|Prosty hełm
itm_briton_helm3|Stary Prosty hełm
itm_briton_helm3_pl|Stary Prosty hełm
itm_briton_helm4|Stary Prosty hełm
itm_briton_helm4_pl|Stary Prosty hełm
itm_briton_helm5|Prosty hełm ze skóry
itm_briton_helm5_pl|Prosty hełm ze skóry
itm_briton_helm6|Prosty hełm ze skóry
itm_briton_helm6_pl|Prosty hełm ze skóry
itm_briton_helm7|Stary Prosty hełm ze skóry
itm_briton_helm7_pl|Stary Prosty hełm ze skóry
itm_briton_helm8|Stary Prosty hełm ze skóry
itm_briton_helm8_pl|Stary Prosty hełm ze skóry
itm_briton_helm9|Kompletny hełm
itm_briton_helm9_pl|Kompletny hełm
itm_briton_helm10|Kompletny hełm
itm_briton_helm10_pl|Kompletny hełm
itm_briton_helm11|Stary Kompletny hełm
itm_briton_helm11_pl|Stary Kompletny hełm
itm_briton_helm12|Stary Kompletny hełm
itm_briton_helm12_pl|Stary Kompletny hełm
itm_briton_helm13|Kompletny hełm
itm_briton_helm13_pl|Kompletny hełm
itm_briton_helm14|Kompletny hełm
itm_briton_helm14_pl|Kompletny hełm
itm_briton_helm15|Kompletny hełm
itm_briton_helm15_pl|Kompletny hełm
itm_briton_helm16|Stary Kompletny hełm
itm_briton_helm16_pl|Stary Kompletny hełm
itm_briton_helm17|Stary Kompletny hełm
itm_briton_helm17_pl|Stary Kompletny hełm
itm_briton_helm18|Stary Kompletny hełm
itm_briton_helm18_pl|Stary Kompletny hełm
itm_briton_helm19|Hełm normandzki
itm_briton_helm19_pl|Hełm normandzki
itm_briton_helm20|Hełm normandzki
itm_briton_helm20_pl|Hełm normandzki
itm_briton_helm21|Hełm normandzki
itm_briton_helm21_pl|Hełm normandzki
itm_briton_helm22|Stary hełm z nosalem
itm_briton_helm22_pl|Stary hełm z nosalem
itm_briton_helm23|Staryhełm z nosalem
itm_briton_helm23_pl|Stary hełm z nosalem
itm_briton_helm24|Stary hełm z nosalem
itm_briton_helm24_pl|Stary hełm z nosalem
itm_briton_helm25|HeĹ‚m ze skĂłry
itm_briton_helm25_pl|Hełm ze skóry
itm_briton_helm26|Hełm ze skóry
itm_briton_helm26_pl|Hełm ze skóry
itm_briton_helm27|Hełm ze skóry
itm_briton_helm27_pl|Hełm ze skóry
itm_briton_helm28|Stary Hełm ze skóry
itm_briton_helm28_pl|Stary Hełm ze skóry
itm_briton_helm29|Stary Hełm ze skóry
itm_briton_helm29_pl|Stary Hełm ze skóry
itm_briton_helm30|Stary Hełm ze skóry
itm_briton_helm30_pl|Stary Hełm ze skóry
itm_briton_helm31|Hełm  z kolczugą
itm_briton_helm31_pl|Hełm  z kolczugą
itm_briton_helm32|Hełm  z kolczugą
itm_briton_helm32_pl|Hełm  z kolczugą
itm_briton_helm33|Hełm  z kolczugą
itm_briton_helm33_pl|Hełm  z kolczugą
itm_briton_helm34|Hełm  z kolczugą
itm_briton_helm34_pl|Hełm  z kolczugą
itm_briton_helm35|Kompletny hełm
itm_briton_helm35_pl|Kompletny hełm
itm_briton_helm36|Kompletny hełm
itm_briton_helm36_pl|Kompletny hełm
itm_briton_helm37|Kompletny hełm
itm_briton_helm37_pl|Kompletny hełm
itm_briton_helm38|Stary Kompletny hełm
itm_briton_helm38_pl|Stary Kompletny hełm
itm_briton_helm39|Stary Kompletny hełm
itm_briton_helm39_pl|Stary Kompletny hełm
itm_briton_helm40|Stary Kompletny hełm
itm_briton_helm40_pl|Stary Kompletny hełm
itm_spangenhelm_1|Prosty hełm
itm_spangenhelm_1_pl|Prosty hełm
itm_spangenhelm_2|Prosty hełm
itm_spangenhelm_2_pl|Prosty hełm
itm_spangenhelm_3|Stary Prosty hełm
itm_spangenhelm_3_pl|Stary Prosty hełm
itm_spangenhelm_4|Stary Prosty hełm
itm_spangenhelm_4_pl|Stary Prosty hełm
itm_spangenhelm_5|Prosty Hełm  z kolczugą
itm_spangenhelm_5_pl|Prosty Hełm  z kolczugą
itm_spangenhelm_6|Prosty Hełm  z kolczugą
itm_spangenhelm_6_pl|Prosty Hełm  z kolczugą
itm_spangenhelm_7|Stary Prosty Hełm ze skóry
itm_spangenhelm_7_pl|Stary Prosty Hełm ze skóry
itm_spangenhelm_8|Stary Prosty Hełm z kolczugą
itm_spangenhelm_8_pl|Stary Prosty Hełm z kolczugą
itm_spangenhelm_9|Kompletny hełm
itm_spangenhelm_9_pl|Kompletny hełm
itm_spangenhelm_10|Kompletny hełm
itm_spangenhelm_10_pl|Kompletny hełm
itm_spangenhelm_11|Stary Kompletny hełm
itm_spangenhelm_11_pl|Stary Kompletny hełm
itm_spangenhelm_12|Stary Kompletny hełm
itm_spangenhelm_12_pl|Stary Kompletny hełm
itm_spangenhelm_13|Kompletny hełm
itm_spangenhelm_13_pl|Kompletny hełm
itm_spangenhelm_14|Kompletny hełm
itm_spangenhelm_14_pl|Kompletny hełm
itm_spangenhelm_15|Kompletny hełm
itm_spangenhelm_15_pl|Kompletny hełm
itm_spangenhelm_16|Stary Kompletny hełm
itm_spangenhelm_16_pl|Stary Kompletny hełm
itm_spangenhelm_17|Stary Kompletny hełm
itm_spangenhelm_17_pl|Stary Kompletny hełm
itm_spangenhelm_18|Stary Kompletny hełm
itm_spangenhelm_18_pl|Stary Kompletny hełm
itm_spangenhelm_19|Hełm normandzki
itm_spangenhelm_19_pl|Hełm normandzki
itm_spangenhelm_20|Hełm normandzki
itm_spangenhelm_20_pl|Hełm normandzki
itm_spangenhelm_21|Hełm normandzki
itm_spangenhelm_21_pl|Hełm normandzki
itm_spangenhelm_22|Stary Hełm z nosalem
itm_spangenhelm_22_pl|Stary Hełm z nosalem
itm_spangenhelm_23|Stary Hełm z nosalem
itm_spangenhelm_23_pl|Stary Hełm z nosalem
itm_spangenhelm_24|Stary Hełm z nosalem
itm_spangenhelm_24_pl|Stary Hełm z nosalem
itm_spangenhelm_25|Hełm ze skóry
itm_spangenhelm_25_pl|Hełm ze skóry
itm_spangenhelm_26|Hełm ze skóry
itm_spangenhelm_26_pl|Hełm ze skóry
itm_spangenhelm_27|Hełm ze skóry
itm_spangenhelm_27_pl|Hełm ze skóry
itm_spangenhelm_28|Stary Hełm ze skóry
itm_spangenhelm_28_pl|Stary Hełm ze skóry
itm_spangenhelm_29|Stary Hełm ze skóry
itm_spangenhelm_29_pl|Stary Hełm ze skóry
itm_spangenhelm_30|Stary Hełm ze skóry
itm_spangenhelm_30_pl|Stary Hełm ze skóry
itm_spangenhelm_31|Hełm z kolczugą
itm_spangenhelm_31_pl|Hełm z kolczugą
itm_spangenhelm_32|Hełm z kolczugą
itm_spangenhelm_32_pl|Hełm z kolczugą
itm_spangenhelm_33|Stary Hełm z kolczugą
itm_spangenhelm_33_pl|Stary Hełm z kolczugą
itm_spangenhelm_34|Stary Hełm z kolczugą
itm_spangenhelm_34_pl|Stary Hełm z kolczugą
itm_spangenhelm_35|Kompletny hełm
itm_spangenhelm_35_pl|Kompletny hełm
itm_spangenhelm_36|Kompletny hełm
itm_spangenhelm_36_pl|Kompletny hełm
itm_spangenhelm_37|Kompletny hełm
itm_spangenhelm_37_pl|Kompletny hełm
itm_spangenhelm_38|Stary Kompletny hełm
itm_spangenhelm_38_pl|Stary Kompletny hełm
itm_spangenhelm_39|Stary Kompletny hełm
itm_spangenhelm_39_pl|Stary Kompletny hełm
itm_spangenhelm_40|Stary Kompletny hełm
itm_spangenhelm_40_pl|Stary Kompletny hełm
itm_vikingold_helm|Stary nordycki hełm
itm_vikingold_helm_pl|Stary nordycki hełm
itm_vikingold_helm2|Stary nordycki hełm
itm_vikingold_helm2_pl|Stary nordycki hełm
itm_vikingold_helm3|Stary nordycki hełm z nosalem
itm_vikingold_helm3_pl|Stary nordycki hełm z nosalem
itm_vikingold_helm4|Stary nordycki hełm z nosalem
itm_vikingold_helm4_pl|Stary nordycki hełm z nosalem
itm_vikingold_helm5|Stary nordycki hełm z nosalem
itm_vikingold_helm5_pl|Stary nordycki hełm z nosalem
itm_vikingold_helm6|Stary nordycki hełm z nosalem
itm_vikingold_helm6_pl|Stary nordycki hełm z nosalem
itm_vikingold_helm7|Stary hełm
itm_vikingold_helm7_pl|Stary hełm
itm_vikingold_helm8|Stary hełm
itm_vikingold_helm8_pl|Stary hełm
itm_vikingold_helm9|Stary nordycki hełm z nosalem
itm_vikingold_helm9_pl|Stary nordycki hełm z nosalem
itm_vikingold_helm10|Stary nordycki hełm z nosalem
itm_vikingold_helm10_pl|Stary nordycki hełm z nosalem
itm_vikingold_helm11|Stary nordycki hełm z nosalem
itm_vikingold_helm11_pl|Stary nordycki hełm z nosalem
itm_vikingold_helm12|Stary nordycki hełm z nosalem
itm_vikingold_helm12_pl|Stary nordycki hełm z nosalem
itm_vikingold_helm13|Stary nordycki hełm z kolczugą
itm_vikingold_helm13_pl|Stary nordycki Hhełm z kolczugą
itm_vikingold_helm14|Stary nordycki hełm z kolczugą
itm_vikingold_helm14_pl|Stary nordycki hełm z kolczugą
itm_vikingold_helm15|Stary nordycki hełm z kolczugą
itm_vikingold_helm15_pl|Stary nordycki hełm z kolczugą
itm_vikingold_helm16|Stary nordycki hełm z kolczugą
itm_vikingold_helm16_pl|Stary nordycki hełm z kolczugą
itm_vikingold_helm17|Stary nordycki hełm z kolczugą
itm_vikingold_helm17_pl|Stary nordycki hełm z kolczugą
itm_vikingold_helm18|Stary nordycki hełm z kolczugą
itm_vikingold_helm18_pl|Stary nordycki hełm z kolczugą
itm_vikingold_helm19|Stary Kompletny nordycki Hełm
itm_vikingold_helm19_pl|Stary Kompletny nordycki Hełm
itm_vikingold_helm20|Stary Kompletny nordycki Hełm
itm_vikingold_helm20_pl|Stary Kompletny nordycki Hełm
itm_vikingold_helm21|Stary Kompletny nordycki Hełm
itm_vikingold_helm21_pl|Stary Kompletny nordycki Hełm
itm_vikingold_helm22|Stary Kompletny nordycki Hełm
itm_vikingold_helm22_pl|Stary Kompletny nordycki Hełm
itm_vikingold_helm23|Stary Kompletny nordycki Hełm
itm_vikingold_helm23_pl|Stary Kompletny nordycki Hełm
itm_vikingold_helm24|Stary Kompletny nordycki Hełm
itm_vikingold_helm24_pl|Stary Kompletny nordycki Hełm
itm_viking_helm|Prosty nordycki Hełm
itm_viking_helm_pl|Prosty nordycki Hełm
itm_viking_helm2|Prosty nordycki Hełm
itm_viking_helm2_pl|Prosty nordycki Hełm
itm_viking_helm3|Nordycki Hełm z nosalem
itm_viking_helm3_pl|Nordycki Hełm z nosalem
itm_viking_helm4|Nordycki Hełm z nosalem
itm_viking_helm4_pl|Nordycki Hełm z nosalem
itm_viking_helm5|Nordycki Hełm z nosalem
itm_viking_helm5_pl|Nordycki Hełm z nosalem
itm_viking_helm6|Nordycki Hełm z nosalem
itm_viking_helm6_pl|Nordycki Hełm z nosalem
itm_viking_helm7|Nordycki Hełm
itm_viking_helm7_pl|Nordycki Hełm
itm_viking_helm8|Nordycki Hełm
itm_viking_helm8_pl|Nordycki Hełm
itm_viking_helm9|Nordycki Hełm z nosalem
itm_viking_helm9_pl|Nordycki Hełm z nosalem
itm_viking_helm10|Nordycki Hełm z nosalem
itm_viking_helm10_pl|Nordycki Hełm z nosalem
itm_viking_helm11|Nordycki Hełm z nosalem
itm_viking_helm11_pl|Nordycki Hełm z nosalem
itm_viking_helm12|Nordycki Hełm z nosalem
itm_viking_helm12_pl|Nordycki Hełm z nosalem
itm_viking_helm13|Nordycki Hełm witn Mail
itm_viking_helm13_pl|Nordycki Hełm witn Mail
itm_viking_helm14|Nordycki Hełm z kolczugą
itm_viking_helm14_pl|Nordycki Hełm z kolczugą
itm_viking_helm15|Nordycki v z nosalem
itm_viking_helm15_pl|Nordycki Hełm z nosalem
itm_viking_helm16|Nordycki Hełm z nosalem
itm_viking_helm16_pl|Nordycki Hełm z nosalem
itm_viking_helm17|Nordycki Hełm z nosalem
itm_viking_helm17_pl|Nordycki Hełm z nosalem
itm_viking_helm18|Nordycki Hełm z nosalem
itm_viking_helm18_pl|Nordycki v z nosalem
itm_viking_helm19|Kompletny nordycki Hełm
itm_viking_helm19_pl|Kompletny nordycki Hełm
itm_viking_helm20|Kompletny nordycki Hełm
itm_viking_helm20_pl|Kompletny nordycki Hełm
itm_viking_helm21|Kompletny nordycki Hełm
itm_viking_helm21_pl|Kompletny nordycki Hełm
itm_viking_helm22|Kompletny nordycki Hełm
itm_viking_helm22_pl|Kompletny nordycki Hełm
itm_viking_helm23|Kompletny nordycki Hełm
itm_viking_helm23_pl|Kompletny nordycki Hełm
itm_viking_helm24|Kompletny nordycki Hełm
itm_viking_helm24_pl|Kompletny nordycki Hełm
itm_vikingold_elitehelm1|Stary nordycki Hełm
itm_vikingold_elitehelm1_pl|Stary nordycki Hełm
itm_vikingold_elitehelm2|Stary nordycki Hełm
itm_vikingold_elitehelm2_pl|Stary nordycki Hełm
itm_vikingold_elitehelm3|Stary nordycki Hełm
itm_vikingold_elitehelm3_pl|Stary nordycki Hełm
itm_vikingold_elitehelm4|Stary nordycki Hełm ze skóry
itm_vikingold_elitehelm4_pl|Stary nordycki Hełm ze skóry
itm_vikingold_elitehelm5|Stary nordycki Hełm ze skóry
itm_vikingold_elitehelm5_pl|Stary nordycki Hełm ze skóry
itm_vikingold_elitehelm6|Stary nordycki Hełm z kolczugą
itm_vikingold_elitehelm6_pl|Stary nordycki Hełm z kolczugą
itm_vikingold_elitehelm7|Stary nordycki Hełm z kolczugą
itm_vikingold_elitehelm7_pl|Stary nordycki Hełm z kolczugą
itm_vikingold_elitehelm8|Stary nordycki Hełm z kolczugą
itm_vikingold_elitehelm8_pl|Stary nordycki Hełm z kolczugą
itm_vikingold_elitehelm9|Stary nordycki Hełm z kolczugą
itm_vikingold_elitehelm9_pl|Stary nordycki Hełm z kolczugą
itm_viking_elitehelm1|Nordycki Hełm 
itm_viking_elitehelm1_pl|Nordycki Hełm 
itm_viking_elitehelm2|Nordycki Hełm 
itm_viking_elitehelm2_pl|Nordycki Hełm 
itm_viking_elitehelm3|Nordycki Hełm  ze skóry
itm_viking_elitehelm3_pl|Nordycki Hełm  ze skóry
itm_viking_elitehelm4|Nordycki Hełm  
itm_viking_elitehelm4_pl|Nordycki Hełm  
itm_viking_elitehelm5|Nordycki Hełm  ze skóry
itm_viking_elitehelm5_pl|Nordycki Hełm  ze skóry
itm_viking_elitehelm6|Nordycki Hełm  ze skóry
itm_viking_elitehelm6_pl|Nordycki Hełm  ze skóry
itm_viking_elitehelm7|Nordycki Hełm z kolczugą
itm_viking_elitehelm7_pl|Nordycki Hełm z kolczugą
itm_viking_elitehelm8|Nordycki Hełm z kolczugą
itm_viking_elitehelm8_pl|Nordycki Hełm z kolczugą
itm_viking_elitehelm9|Nordycki Hełm z kolczugą
itm_viking_elitehelm9_pl|Nordycki Hełm z kolczugą
itm_viking_noblehelm1|Elitarny nordycki Hełm  
itm_viking_noblehelm1_pl|Elitarny nordycki Hełm  
itm_viking_noblehelm2|Elitarny nordycki Hełm  ze skóry
itm_viking_noblehelm2_pl|Elitarny nordycki Hełm  ze skóry
itm_viking_noblehelm3|Elitarny nordycki Hełm z kolczugą
itm_viking_noblehelm3_pl|Elitarny nordycki Hełm z kolczugą
itm_angle_helmet1|Stary Hełm  ze skóry
itm_angle_helmet1_pl|Stary Hełm  ze skóry
itm_angle_helmet2|Hełm  ze skóry
itm_angle_helmet2_pl|Hełm  ze skóry
itm_angle_helmet3|Stary Hełm z kolczugą
itm_angle_helmet3_pl|Stary Hełm z kolczugą
itm_angle_helmet4|Hełm z kolczugą
itm_angle_helmet4_pl|Hełm z kolczugą
itm_angle_helmet5|Stary Kompletny Hełm  
itm_angle_helmet5_pl|Stary Kompletny Hełm  
itm_angle_helmet6|Kompletny Hełm  
itm_angle_helmet6_pl|Kompletny Hełm  
itm_elf_helmet|Elfi Hełm  
itm_elf_helmet_pl|Elfi Hełm  
itm_noble_helm_smith|Szlachetny Hełm  
itm_noble_helm_smith_pl|Szlachetny Hełm  
itm_hersir_helm|Hełm dowódcy Wikingów 
itm_hersir_helm_pl|Hełm dowódcy Wikingów   
itm_crown1|Korona
itm_crown1_pl|Korona
itm_sarranid_horseman_helmet|Bez Hełmu
itm_sarranid_horseman_helmet_pl|Bez Hełmu
itm_saco_enlacabeza|Worek
itm_saco_enlacabeza_pl|Worek
itm_wooden_stick|Drewniany kij
itm_wooden_stick_pl|Drewniany kij
itm_club_hard|Pałka
itm_club_hard_pl|Pałka
itm_club_troll|Pała Trola
itm_club_troll_pl|Pała Trola
itm_knife|Nóż myśliwski
itm_knife_pl|Nóż myśliwski
itm_knife2|Nóż myśliwski
itm_knife2_pl|Nóż myśliwski
itm_knife3|Nóż myśliwski
itm_knife3_pl|Nóż myśliwskii
itm_knife4|Nóż myśliwski
itm_knife4_pl|Nóż myśliwski
itm_knife5|Nóż myśliwski
itm_knife5_pl|Nóż myśliwski
itm_longseax1|Sztylet
itm_longseax1_pl|Sztylet
itm_longseax2|Sztylet
itm_longseax2_pl|Sztylet
itm_longseax3|Sztylet
itm_longseax3_pl|Sztylet
itm_longseax4|Sztylet
itm_longseax4_pl|Sztylet
itm_longseax5|Sztylet
itm_longseax5_pl|Sztylet
itm_longseax6|Sztylet
itm_longseax6_pl|Sztylet
itm_longseax7|Sztylet
itm_longseax7_pl|Sztylet
itm_longseax8|Sztylet
itm_longseax8_pl|Sztylet
itm_longseax9|Sztylet
itm_longseax9_pl|Sztylet
itm_longseax10|Sztylet
itm_longseax10_pl|Sztylet
itm_seax_1|Nóż
itm_seax_1_pl|Nóż
itm_seax_2|Nóż
itm_seax_2_pl|Nóż
itm_seax_3|Nóż
itm_seax_3_pl|Nóż
itm_seax_4|Nóż
itm_seax_4_pl|Nóż
itm_seax_5|Nóż
itm_seax_5_pl|v
itm_ragnar_seax|Nóż Ragnara
itm_ragnar_seax_pl|Nóż Ragnara
itm_elf_seax|Elfi Nóż
itm_elf_seax_pl|Elfi Nóż
itm_spatha|Miecz
itm_spatha_pl|Miecz
itm_spatha_2|Miecz
itm_spatha_2_pl|Miecz
itm_spatha_3|Miecz
itm_spatha_3_pl|Miecz
itm_spatha_4|Miecz
itm_spatha_4_pl|Miecz
itm_spatha_5|Miecz
itm_spatha_5_pl|Miecz
itm_spatha_6|Miecz
itm_spatha_6_pl|Miecz
itm_spatha_7|Miecz
itm_spatha_7_pl|Miecz
itm_spatha_8|Miecz
itm_spatha_8_pl|Miecz
itm_sword|Miecz
itm_sword_pl|Miecz
itm_sword_2|Miecz
itm_sword_2_pl|Miecz
itm_sword_3|Miecz
itm_sword_3_pl|Miecz
itm_sword_4|Miecz
itm_sword_4_pl|Miecz
itm_sword_5|Miecz
itm_sword_5_pl|Miecz
itm_sword_6|Miecz
itm_sword_6_pl|Miecz
itm_sword_7|Miecz
itm_sword_7_pl|Miecz
itm_sword_8|Miecz
itm_sword_8_pl|Miecz
itm_new_sword1|Miecz
itm_new_sword1_pl|Miecz
itm_new_sword2|Miecz
itm_new_sword2_pl|Miecz
itm_new_sword3|Miecz
itm_new_sword3_pl|Miecz
itm_new_sword4|Miecz
itm_new_sword4_pl|Miecz
itm_new_sword5|Miecz
itm_new_sword5_pl|Miecz
itm_new_sword6|Miecz
itm_new_sword6_pl|Miecz
itm_noble_sword|Drogi Miecz
itm_noble_sword_pl|Drogi Miecz
itm_noble_sword_2|Drogi Miecz
itm_noble_sword_2_pl|Drogi Miecz
itm_noble_sword_3|Drogi Miecz
itm_noble_sword_3_pl|Drogi Miecz
itm_noble_sword_4|Drogi Miecz
itm_noble_sword_4_pl|Drogi Miecz
itm_noble_sword_5|Drogi Miecz
itm_noble_sword_5_pl|Drogi Miecz
itm_noble_sword_6|Drogi Miecz
itm_noble_sword_6_pl|Drogi Miecz
itm_old_swordv|Britoński Miecz
itm_old_swordv_pl|Britoński Miecz
itm_old_swordv2|Britoński Miecz
itm_old_swordv2_pl|Britoński Miecz
itm_old_swordv3|Britoński Miecz
itm_old_swordv3_pl|Britoński Miecz
itm_old_swordv4|Britoński Miecz
itm_old_swordv4_pl|Britoński Miecz
itm_old_swordv5|Britoński Miecz
itm_old_swordv5_pl|Britoński Miecz
itm_old_swordv6|Britoński Miecz
itm_old_swordv6_pl|Britoński Miecz
itm_old_swordv7|Britoński Miecz
itm_old_swordv7_pl|Britoński Miecz
itm_noble_sword_7|Drogi Britoński Miecz
itm_noble_sword_7_pl|Drogi Britoński Miecz
itm_noble_sword_8|Drogi Britoński Miecz
itm_noble_sword_8_pl|Drogi Britoński Miecz
itm_noble_sword_9|Drogi Britoński Miecz
itm_noble_sword_9_pl|Drogi Britoński Miecz
itm_noble_sword_10|Drogi Britoński Miecz
itm_noble_sword_10_pl|Drogi Britoński Miecz
itm_noble_sword_11|Drogi Britoński Miecz
itm_noble_sword_11_pl|Drogi Britoński Miecz
itm_noble_sword_12|Drogi Britoński Miecz
itm_noble_sword_12_pl|Drogi Britoński Miecz
itm_noble_sword_13|Drogi Britoński Miecz
itm_noble_sword_13_pl|Drogi Britoński Miecz
itm_noble_swordv|Miecz Szlachetnego Pana
itm_noble_swordv_pl|Miecz Szlachetnego Pana
itm_noble_swordv3|Miecz Szlachetnego Pana
itm_noble_swordv3_pl|Miecz Szlachetnego Pana
itm_noble_swordv4|Miecz Szlachetnego Pana
itm_noble_swordv4_pl|Miecz Szlachetnego Pana
itm_noble_swordv5|Miecz Szlachetnego Pana
itm_noble_swordv5_pl|Miecz Szlachetnego Pana
itm_noble_swordv6|Miecz Szlachetnego Pana
itm_noble_swordv6_pl|Miecz Szlachetnego Pana
itm_noble_swordv7|Miecz Szlachetnego Pana
itm_noble_swordv7_pl|Miecz Szlachetnego Pana
itm_irish_long_sword1|Godelicki Szlachecki Długi Miecz
itm_irish_long_sword1_pl|Godelicki Szlachecki Długi Miecz
itm_irish_long_sword2|Godelicki Szlachecki Długi Miecz
itm_irish_long_sword2_pl|Godelicki Szlachecki Długi Miecz
itm_irish_long_sword3|Godelicki Długi Miecz
itm_irish_long_sword3_pl|Godelicki Długi Miecz
itm_irish_long_sword4|Godelicki Długi Miecz
itm_irish_long_sword4_pl|Godelicki Długi Miecz
itm_irish_long_sword5|Godelicki Długi Miecz
itm_irish_long_sword5_pl|Godelicki Długi Miecz
itm_irish_long_sword6|Godelicki Długi Miecz
itm_irish_long_sword6_pl|Godelicki Długi Miecz
itm_irish_long_sword7|Godelicki Długi Miecz
itm_irish_long_sword7_pl|Godelicki Długi Miecz
itm_irish_long_sword8|Godelicki Długi Miecz
itm_irish_long_sword8_pl|Godelicki Długi Miecz
itm_irish_short_sword1|Godelicki Krótki Miecz
itm_irish_short_sword1_pl|Godelicki Krótki Miecz
itm_irish_short_sword2|Godelicki Krótki Miecz
itm_irish_short_sword2_pl|Godelicki Krótki Miecz
itm_irish_short_sword3|Godelicki Krótki Miecz
itm_irish_short_sword3_pl|Godelicki Krótki Miecz
itm_championsword1|Ciężki Miecz
itm_championsword1_pl|Ciężki Miecz
itm_championsword2|Ciężki Miecz
itm_championsword2_pl|Ciężki Miecz
itm_widow_maker|Twórca wdów
itm_widow_maker_pl|Twórca wdów
itm_suttonhoosword2|Miecz króla bandytów
itm_suttonhoosword2_pl|Miecz króla bandytów
itm_siren_song|Syrenia Pieśń
itm_siren_song_pl|Syrenia Pieśń
itm_sword_of_war|Miecz Olvira
itm_sword_of_war_pl|Miecz Olvira
itm_sword_premium1|Nad
itm_sword_premium1_pl|Nad
itm_sword_premium2|Draguandil
itm_sword_premium2_pl|Draguandil
itm_sword_premium3|Blynjubitr
itm_sword_premium3_pl|Blynjubitr
itm_hatchet|Topór
itm_hatchet_pl|Topór
itm_axe|Topór
itm_axe_pl|Topór
itm_axe_2|Topór
itm_axe_2_pl|Topór
itm_hand_axe|Topór
itm_hand_axe_pl|Topór
itm_axe_3|Długi Topór
itm_axe_3_pl|Długi Topór
itm_axe_4|Długi Topór
itm_axe_4_pl|Długi Topór
itm_one_handed_war_axe_a|Wielki Topór
itm_one_handed_war_axe_a_pl|Wielki Topór
itm_one_handed_war_axe_b|Wielki Topór
itm_one_handed_war_axe_b_pl|Wielki Topór
itm_one_handed_war_axe_c|Wielki Topór
itm_one_handed_war_axe_c_pl|Wielki Topór
itm_one_handed_war_axe_d|Wielki Topór
itm_one_handed_war_axe_d_pl|Wielki Topór
itm_one_handed_war_axe_e|Wielki Długi Topór
itm_one_handed_war_axe_e_pl|Wielki Długi Topór
itm_one_handed_war_axe_f|Wielki Długi Topór
itm_one_handed_war_axe_f_pl|Wielki Długi Topór
itm_axe_5|Jednoręczny Topór
itm_axe_5_pl|Jednoręczny Topór
itm_axe_6|Jednoręczny Topór
itm_axe_6_pl|Jednoręczny Topór
itm_axe_7|Jednoręczny Topór
itm_axe_7_pl|Jednoręczny Topór
itm_axe_8|Jednoręczny Topór
itm_axe_8_pl|Jednoręczny Topór
itm_axe_9|Długi Jednoręczny Topór
itm_axe_9_pl|Długi Jednoręczny Topór
itm_axe_10|Długi JJednoręczny Topór
itm_axe_10_pl|Długi Jednoręczny Topór
itm_pictish_hatchet|Godelicki Topór
itm_pictish_hatchet_pl|Godelicki Topór
itm_pictish_hatchet2|Godelicki Topór
itm_pictish_hatchet2_pl|Godelicki Topór
itm_pictish_hatchet3|Godelicki Topór
itm_pictish_hatchet3_pl|Godelicki Topór
itm_pictish_hatchet4|Godelicki Topór
itm_pictish_hatchet4_pl|Godelicki Topór
itm_pictish_hatchet5|Piktyjski Topór
itm_pictish_hatchet5_pl|Piktyjski Topór
itm_pictish_hatchet6|Piktyjski Topór
itm_pictish_hatchet6_pl|Piktyjski Topór
itm_pictish_hatchet7|Piktyjski Topór
itm_pictish_hatchet7_pl|Piktyjski Topór
itm_pictish_hatchet8|Piktyjski Topór
itm_pictish_hatchet8_pl|Piktyjski Topór
itm_pictish_hatchet9|Piktyjski Topór
itm_pictish_hatchet9_pl|Piktyjski Topór
itm_pictish_hatchet10|Piktyjski Topór
itm_pictish_hatchet10_pl|Piktyjski Topór
itm_pictish_hatchet11|Godelicki Toporek
itm_pictish_hatchet11_pl|Godelicki Toporek
itm_pictish_hatchet12|Godelicki Toporek
itm_pictish_hatchet12_pl|Godelicki Toporek
itm_pictish_hatchet13|Godelicki Toporek
itm_pictish_hatchet13_pl|Godelicki Toporek
itm_pictish_hatchet14|Godelicki Toporek
itm_pictish_hatchet14_pl|Godelicki Toporek
itm_pictish_hatchet15|Godelicki Toporek
itm_pictish_hatchet15_pl|Godelicki Toporek
itm_pictish_hatchet16|Godelicki Toporek
itm_pictish_hatchet16_pl|Godelicki Toporek
itm_pictish_hatchet17|Szlachetny Godelicki Topór
itm_pictish_hatchet17_pl|Szlachetny Godelicki Topór
itm_pictish_hatchet18|Szlachetny Godelicki Topór
itm_pictish_hatchet18_pl|Szlachetny Godelicki Topór
itm_long_axe_b|Bogaty Godelicki Topór
itm_long_axe_b_pl|Bogaty Godelicki Topór
itm_frankish_axe|Topór Franków
itm_frankish_axe_pl|Topór Franków
itm_staff|Laska
itm_staff_pl|Laska
itm_quarter_staff|Krótka laska
itm_quarter_staff_pl|Krótka laska
itm_pitch_fork|Widły
itm_pitch_fork_pl|Widły
itm_battle_fork|Laska Pasterska
itm_battle_fork_pl|Laska Pasterska
itm_light_spear1|Lekka włócznia
itm_light_spear1_pl|Lekka włócznia
itm_light_spear2|Lekka włócznia
itm_light_spear2_pl|Lekka włócznia
itm_light_spear3|Lekka włócznia
itm_light_spear3_pl|Lekka włócznia
itm_light_spear4|Lekka włócznia
itm_light_spear4_pl|Lekka włócznia
itm_war_spear1|Wojenna włócznia
itm_war_spear1_pl|Wojenna włócznia
itm_war_spear2|Wojenna włócznia
itm_war_spear2_pl|Wojenna włócznia
itm_war_spear3|Wojenna włócznia
itm_war_spear3_pl|Wojenna włócznia
itm_heavy_spear1|Ciężka włócznia
itm_heavy_spear1_pl|Ciężka włócznia
itm_heavy_spear2|Ciężka włócznia
itm_heavy_spear2_pl|Ciężka włócznia
itm_heavy_spear3|Ciężka włócznia
itm_heavy_spear3_pl|Ciężka włócznia
itm_long_light_spear1|Lekka Długa włócznia
itm_long_light_spear1_pl|Lekka Długa włócznia
itm_long_light_spear2|Lekka Długa włócznia
itm_long_light_spear2_pl|Lekka Długa włócznia
itm_long_war_spear1|Długa Wojenna włocznia
itm_long_war_spear1_pl|Długa Wojenna włocznia
itm_long_war_spear2|Długa Wojenna włocznia
itm_long_war_spear2_pl|Długa Wojenna włocznia
itm_long_heavy_spear1|Ciężka Długa włócznia
itm_long_heavy_spear1_pl|Ciężka Długa włócznia
itm_long_heavy_spear2|Ciężka Długa włócznia
itm_long_heavy_spear2_pl|Ciężka Długa włócznia
itm_new_mace|Ray
itm_new_mace_pl|Ray
itm_premium_spear1|Gungnir
itm_premium_spear1_pl|Gungnir
itm_standard|Signum Armii
itm_standard_pl|Signum Armii
itm_standard_dragon|Smocze Signum
itm_standard_dragon_pl|Smocze Signum
itm_horn|Róg
itm_horn_pl|Róg
itm_horn_multi|Róg
itm_horn_multi_pl|Róg
itm_wooden_shield|Okrągła Tarcza
itm_wooden_shield_pl|Okrągła Tarcza
itm_viking_shield_round_06|Okrągła Tarcza
itm_viking_shield_round_06_pl|Okrągła Tarcza
itm_viking_shield_round_07|Okrągła Tarcza
itm_viking_shield_round_07_pl|Okrągła Tarcza
itm_viking_shield_round_10|Okrągła Tarcza
itm_viking_shield_round_10_pl|Okrągła Tarcza
itm_viking_shield_round_11|Okrągła Tarcza
itm_viking_shield_round_11_pl|Okrągła Tarcza
itm_viking_shield_round_08|Wzmocniona Okrągła Tarcza
itm_viking_shield_round_08_pl|Wzmocniona Okrągła Tarcza
itm_viking_shield_round_09|Wzmocniona Okrągła Tarcza
itm_viking_shield_round_09_pl|Wzmocniona Okrągła Tarcza
itm_viking_shield_round_12|Wzmocniona Okrągła Tarcza
itm_viking_shield_round_12_pl|Wzmocniona Okrągła Tarcza
itm_viking_shield_round_13|Wzmocniona Okrągła Tarcza
itm_viking_shield_round_13_pl|Wzmocniona Okrągła Tarcza
itm_viking_shield_round_01|Niegarbowana Wzmocniona Tarcza
itm_viking_shield_round_01_pl|Niegarbowana Wzmocniona Tarcza
itm_viking_shield_round_02|Niegarbowana Wzmocniona Tarcza
itm_viking_shield_round_02_pl|Niegarbowana Wzmocniona Tarcza
itm_viking_shield_round_03|Niegarbowana Wzmocniona Tarcza
itm_viking_shield_round_03_pl|Niegarbowana Wzmocniona Tarcza
itm_viking_shield_round_14|Niegarbowana Wzmocniona Tarcza
itm_viking_shield_round_14_pl|Niegarbowana Wzmocniona Tarcza
itm_viking_shield_round_15|Niegarbowana Wzmocniona Tarcza
itm_viking_shield_round_15_pl|Niegarbowana Wzmocniona Tarcza
itm_viking_shield_round_04|Niegarbowana Okrągła Tarcza
itm_viking_shield_round_04_pl|Niegarbowana Okrągła Tarcza
itm_viking_shield_round_05|Niegarbowana Okrągła Tarcza
itm_viking_shield_round_05_pl|Niegarbowana Okrągła Tarcza
itm_viking_shield_round_16|Niegarbowana Okrągła Tarcza
itm_viking_shield_round_16_pl|Niegarbowana Okrągła Tarcza
itm_viking_shield_round_17|Niegarbowana Okrągła Tarcza
itm_viking_shield_round_17_pl|Niegarbowana Okrągła Tarcza
itm_viking_shield_round_18|Niegarbowana Okrągła Tarcza
itm_viking_shield_round_18_pl|Niegarbowana Okrągła Tarcza
itm_viking_shield_round_19|Niegarbowana Okrągła Tarcza
itm_viking_shield_round_19_pl|Niegarbowana Okrągła Tarcza
itm_viking_shield_round_20|Niegarbowana Okrągła Tarcza
itm_viking_shield_round_20_pl|Niegarbowana Okrągła Tarcza
itm_viking_shield_round_21|Niegarbowana Okrągła Tarcza
itm_viking_shield_round_21_pl|Niegarbowana Okrągła Tarcza
itm_shield_1|Wypukła Tarcza
itm_shield_1_pl|Wypukła Tarcza
itm_shield_2|WypukĹ‚a Tarcza
itm_shield_2_pl|Wypukła Tarcza
itm_shield_3|Wypukła Tarcza
itm_shield_3_pl|Wypukła Tarcza
itm_shield_4|Wypukła Tarcza
itm_shield_4_pl|Wypukła Tarcza
itm_shield_5|Wypukła Tarcza
itm_shield_5_pl|Wypukła Tarcza
itm_shield_6|Wypukła Tarcza
itm_shield_6_pl|Wypukła Tarcza
itm_shield_6_2|Wypukła Tarcza
itm_shield_6_2_pl|Wypukła Tarcza
itm_shield_7|Niegarbowana Tarcza
itm_shield_7_pl|Niegarbowana Tarcza
itm_shield_8|Niegarbowana Tarcza
itm_shield_8_pl|Niegarbowana Tarcza
itm_shield_9|Okrągła Tarcza
itm_shield_9_pl|Okrągła Tarcza
itm_shield_10|Okrągła Tarcza
itm_shield_10_pl|Okrągła Tarcza
itm_shield_11|Okrągła Tarcza
itm_shield_11_pl|Okrągła Tarcza
itm_shield_12|Okrągła Tarcza
itm_shield_12_pl|Okrągła Tarcza
itm_shield_13|Niegarbowana Tarcza
itm_shield_13_pl|Niegarbowana Tarcza
itm_shield_14|Niegarbowana Tarcza
itm_shield_14_pl|Niegarbowana Tarcza
itm_shield_15|Okrągła Tarcza
itm_shield_15_pl|Okrągła Tarcza
itm_shield_16|Okrągła Tarcza
itm_shield_16_pl|Okrągła Tarcza
itm_shield_17|Duńska Tarcza
itm_shield_17_pl|Dańska Tarcza
itm_shield_18|Nodycka Tarcza
itm_shield_18_pl|Nordycka Tarcza
itm_shield_19|Okrągła Tarcza
itm_shield_19_pl|Okrągła Tarcza
itm_shield_20|Northmathr Shield
itm_shield_20_pl|Northmathr Shield
itm_shield_21|Round Shield
itm_shield_21_pl|Round Shield
itm_gael_bigroundshield_01|Gael Okrągła Tarcza
itm_gael_bigroundshield_01_pl|Gael Okrągła Tarcza
itm_gael_bigroundshield_02|Gael Okrągła Tarcza
itm_gael_bigroundshield_02_pl|Gael Okrągła Tarcza
itm_gael_bigroundshield_03|Gael Okrągła Tarcza
itm_gael_bigroundshield_03_pl|Gael Okrągła Tarcza
itm_gael_bigroundshield_04|Gael Okrągła Tarcza
itm_gael_bigroundshield_04_pl|Gael Okrągła Tarcza
itm_gael_bigroundshield_05|Gael Okrągła Tarcza
itm_gael_bigroundshield_05_pl|Gael Okrągła Tarcza
itm_gael_bigroundshield_06|Gael Okrągła Tarcza
itm_gael_bigroundshield_06_pl|Gael Okrągła Tarcza
itm_gael_bigroundshield_07|Gael Okrągła Tarcza
itm_gael_bigroundshield_07_pl|Gael Okrągła Tarcza
itm_elf_shield|Elficka Tarcza
itm_elf_shield_pl|Elficka Tarcza
itm_tab_shield_round_c|Malowana Wypukła Tarcza
itm_tab_shield_round_c_pl|Malowana Wypukła Tarcza
itm_tab_shield_round_01_device|Malowana Wypukła Tarcza
itm_tab_shield_round_01_device_pl|Malowana Wypukła Tarcza
itm_tab_shield_round_01_nodevice|Malowana Okrągła Tarcza
itm_tab_shield_round_01_nodevice_pl|Malowana Okrągła Tarcza
itm_tab_shield_round_02_device|Malowana Wypukła Tarcza
itm_tab_shield_round_02_device_pl|Malowana Wypukła Tarcza
itm_tab_shield_round_02_nodevice|Malowana Okrągła Tarcza
itm_tab_shield_round_02_nodevice_pl|Malowana Okrągła Tarcza
itm_tab_shield_round_03_device|Malowana Wypukła Tarcza
itm_tab_shield_round_03_device_pl|Malowana Wypukła Tarcza
itm_tab_shield_round_03_nodevice|Malowana Okrągła Tarcza
itm_tab_shield_round_03_nodevice_pl|Malowana Okrągła Tarcza
itm_tab_shield_round_04_device|Malowana Okrągła Tarcza
itm_tab_shield_round_04_device_pl|Malowana Okrągła Tarcza
itm_tab_shield_round_04_nodevice|Malowana Okrągła Tarcza
itm_tab_shield_round_04_nodevice_pl|Malowana Okrągła Tarcza
itm_tab_shield_round_05_device|Malowana Wypukła Tarcza
itm_tab_shield_round_05_device_pl|Malowana Wypukła Tarcza
itm_tab_shield_round_05_nodevice|Malowana Wypukła Tarcza
itm_tab_shield_round_05_nodevice_pl|Malowana Wypukła Tarcza
itm_tab_shield_round_06_device|Malowana Wypukła Tarcza
itm_tab_shield_round_06_device_pl|Malowana Wypukła Tarcza
itm_tab_shield_round_06_nodevice|Malowana Wypukła Tarcza
itm_tab_shield_round_06_nodevice_pl|Malowana Wypukła Tarcza
itm_tab_shield_round_07_device|Malowana Okrągła Tarcza
itm_tab_shield_round_07_device_pl|Malowana Okrągła Tarcza
itm_tab_shield_round_07_nodevice|Malowana Okrągła Tarcza
itm_tab_shield_round_07_nodevice_pl|Malowana Okrągła Tarcza
itm_tab_shield_round_08_device|Malowana Wypukła Tarcza
itm_tab_shield_round_08_device_pl|Malowana Wypukła Tarcza
itm_tab_shield_round_08_nodevice|Malowana Wypukła Tarcza
itm_tab_shield_round_08_nodevice_pl|Malowana Wypukła Tarcza
itm_tab_shield_round_09_device|Malowana Okrągła Tarcza
itm_tab_shield_round_09_device_pl|Malowana Okrągła Tarcza
itm_tab_shield_round_09_nodevice|Malowana Okrągła Tarcza
itm_tab_shield_round_09_nodevice_pl|Malowana Okrągła Tarcza
itm_tab_shield_round_10_device|Malowana Wypukła Tarcza
itm_tab_shield_round_10_device_pl|Malowana Wypukła Tarcza
itm_tab_shield_round_10_nodevice|Malowana Wypukła Tarcza
itm_tab_shield_round_10_nodevice_pl|Painted Convex Shield
itm_tab_shield_round_11_device|Malowana Wypukła Tarcza
itm_tab_shield_round_11_device_pl|Malowana Wypukła Tarcza
itm_tab_shield_round_11_nodevice|MMalowana Wypukła Tarcza
itm_tab_shield_round_11_nodevice_pl|Malowana Wypukła Tarcza
itm_tab_shield_round_12_device|Malowana Okrągła Tarcza
itm_tab_shield_round_12_device_pl|Malowana Okrągła Tarcza
itm_tab_shield_round_12_nodevice|Malowana Okrągła Tarcza
itm_tab_shield_round_12_nodevice_pl|Malowana Okrągła Tarcza
itm_tab_shield_small_round_c|Mała Okrągła Tarcza
itm_tab_shield_small_round_c_pl|Mała Okrągła Tarcza
itm_small_roundsh1|Mała Okrągła Tarcza
itm_small_roundsh1_pl|Mała Okrągła Tarcza
itm_small_roundsh2|Mała Okrągła Tarcza
itm_small_roundsh2_pl|Mała Okrągła Tarcza
itm_small_roundsh3|Mała Okrągła Tarcza
itm_small_roundsh3_pl|Mała Okrągła Tarcza
itm_small_roundsh4|Mała Okrągła Tarcza
itm_small_roundsh4_pl|Mała Okrągła Tarcza
itm_small_roundsh5|Mała Okrągła Tarcza
itm_small_roundsh5_pl|Mała Okrągła Tarcza
itm_small_roundsh6|Mała Okrągła Tarcza
itm_small_roundsh6_pl|Mała Okrągła Tarcza
itm_h_shield1|H Tarcza
itm_h_shield1_pl|H Tarcza
itm_h_shield2|H Tarcza
itm_h_shield2_pl|H Tarcza
itm_h_shield3|H Tarcza
itm_h_shield3_pl|H Tarcza
itm_h_shield4|H Tarcza
itm_h_shield4_pl|H Tarcza
itm_h_shield5|H Tarcza
itm_h_shield5_pl|H Tarcza
itm_h_shield6|H Tarcza
itm_h_shield6_pl|H Tarcza
itm_squaresh_1|Kwadratowa Tarcza
itm_squaresh_1_pl|Kwadratowa Tarcza
itm_squaresh_2|Kwadratowa Tarcza
itm_squaresh_2_pl|Kwadratowa Tarcza
itm_squaresh_3|Kwadratowa Tarcza
itm_squaresh_3_pl|Kwadratowa Tarcza
itm_squaresh_4|Kwadratowa Tarcza
itm_squaresh_4_pl|Kwadratowa Tarcza
itm_squaresh_5|Kwadratowa Tarcza
itm_squaresh_5_pl|Kwadratowa Tarcza
itm_squaresh_6|Kwadratowa Tarcza
itm_squaresh_6_pl|Kwadratowa Tarcza
itm_darts|Prosta rzutka
itm_darts_pl|Prosta rzutka
itm_darts_melee|Prosta rzutka
itm_darts_melee_pl|Prosta rzutka
itm_javelin|Oszczepy do rzucania
itm_javelin_pl|Javelins
itm_javelin_melee|Oszczep do walki wręcz
itm_javelin_melee_pl|Oszczep do walki wręcz
itm_javelin_skirmishes|Oszczep do rzucania
itm_javelin_skirmishes_pl|Oszczep do rzucania
itm_javelin_skirmishes_melee|Rzutka
itm_javelin_skirmishes_melee_pl|Rzutka
itm_javelin_skirmishesel|Rzutki konnego
itm_javelin_skirmishesel_pl|Rzutki konnego
itm_javelin_skirmishesel_melee|Konnego Rzutka
itm_javelin_skirmishesel_melee_pl|Konnego Rzutka
itm_javelin_jinetes|Rzutki konnego
itm_javelin_jinetes_pl|Rzutki konnego
itm_javelin_jinetes_melee|Konnego Rzutka
itm_javelin_jinetes_melee_pl|Konnego Rzutka
itm_throwing_spears|Włócznie do rzucania
itm_throwing_spears_pl|Włócznie do rzucania
itm_throwing_spear_melee|Włócznie do rzucania
itm_throwing_spear_melee_pl|Włócznie do rzucania
itm_throwing_spears2|Włócznie do rzucania
itm_throwing_spears2_pl|Włócznie do rzucania
itm_throwing_spear2_melee|Włócznie do rzucania
itm_throwing_spear2_melee_pl|Włócznie do rzucania
itm_stones|Kamienie
itm_stones_pl|Kamienie
itm_long_bow|Długi Łuk
itm_long_bow_pl|Długi Łuk
itm_long_bow2|Elitarny Długi Łuk
itm_long_bow2_pl|Elitarny Długi Łuk
itm_long_bow3|Ocechowany Długi Łuk
itm_long_bow3_pl|Ocechowany Długi Łuk
itm_hunting_crossbow|Piktyjska Kusza
itm_hunting_crossbow_pl|Piktyjska Kusza
itm_strong_bow|Mroczny łowca
itm_strong_bow_pl|Mroczny łowca
itm_war_bow|Wyłupiacz oczu
itm_war_bow_pl|Wyłupiacz oczu
itm_sling_rock1|Kamienie do rzucania
itm_sling_rock1_pl|Kamienie do rzucania
itm_sling_lead|Kulki do rzucania
itm_sling_lead_pl|Kulki do rzucania
itm_sling|Proca
itm_sling_pl|Proca
itm_sling2|Proca
itm_sling2_pl|Proca
itm_sling3|Proca
itm_sling3_pl|Proca
itm_sling_militar|Wojskowy Sling
itm_sling_militar_pl|Wojskowy Sling
itm_fustibalus1|Fustibalus
itm_fustibalus1_pl|Fustibalus
itm_fustibalus2|Fustibalus
itm_fustibalus2_pl|Fustibalus
itm_fustibalus_military|Wojskowy Fustibalus
itm_fustibalus_military_pl|Wojskowy Fustibalus
itm_torch|Pochodnie
itm_torch_pl|Pochodnie
itm_lyre|Harfa
itm_lyre_pl|Harfa
itm_lute|Flet
itm_lute_pl|Flet
itm_instruments_end|Instruments End
itm_instruments_end_pl|Instruments End
itm_court_dress|Toga
itm_court_dress_pl|Toga
itm_stones_siege|Kamienie Oblężnicze
itm_stones_siege_pl|Kamienie Oblężnicze
itm_trophy_a|Trofeum bitewne
itm_trophy_a_pl|Trofeum bitewne
itm_trophy_b|Trofeum wojenne
itm_trophy_b_pl|Trofeum wojenne
itm_trophy_c|Epickie Trofeum
itm_trophy_c_pl|Epicka Trofeum
itm_iniauhorn|Róg Iniau 
itm_iniauhorn_pl|Róg Iniau 
itm_tunic_with_green_cape|Tunika z zielonym płaszczem 
itm_tunic_with_green_cape_pl|Tunika z zielonym płaszczem
itm_keys|Pierścień zaręczynowy
itm_keys_pl|Pierścień zaręczynowy
itm_bride_dress|Śubna Suknia
itm_bride_dress_pl|Ślubna Suknia
itm_bride_crown|Wianek
itm_bride_crown_pl|Wianek
itm_bride_shoes|Ślubne Buty
itm_bride_shoes_pl|Ślubne Buty
itm_practice_bow_2|Długi Łuk
itm_practice_bow_2_pl|Długi Łuk
itm_practice_arrows_2|Strzały
itm_practice_arrows_2_pl|Strzały
itm_steel_bolts|Kamienie Oblężnicze
itm_steel_bolts_pl|Kamienie Oblężnicze
itm_heraldic_mail_with_tunic_b|Koszulka
itm_heraldic_mail_with_tunic_b_pl|Koszulka
itm_heraldic_mail_with_tabard|Koszulka
itm_heraldic_mail_with_tabard_pl|Koszulka
itm_thors_helmet|Hełm Thora
itm_thors_helmet_pl|Hełm Thora
itm_thors_armor|Zbroja Thora
itm_thors_armor_pl|Zbroja Thora
itm_thors_boots|Buty Thora
itm_thors_boots_pl|Nuty Thora
itm_thors_hammer|Młot Thora
itm_thors_hammer_pl|Młot Thora
itm_deadly_bow|Śmiercionośny Łuk
itm_deadly_bow_pl|Śmiercionośny Łuk
itm_deadly_arrows|Śmiercionośny Łuk
itm_deadly_arrows_pl|Śmiercionośny Łuk
itm_honey|Miodek
itm_honey_pl|Miodek
itm_raw_leather|Skóry
itm_raw_leather_pl|Skóry
itm_furs|Futra
itm_furs_pl|Futra
itm_wool_cloth|Wełniane Ubranie
itm_wool_cloth_pl|Wełniane Ubranie
itm_oil|Olej
itm_oil_pl|Olej
itm_velvet|Aksamit
itm_velvet_pl||Aksamit
itm_items_end|Items End
itm_items_end_pl|Items End
itm_noswing_club_troll|Troll's Axe
itm_noswing_club_troll_pl|Troll's Axe
itm_noswing_knife|Nóż myśliwski
itm_noswing_knife_pl|Nóż myśliwski
itm_noswing_knife2|Nóż myśliwski
itm_noswing_knife2_pl|Nóż myśliwski
itm_noswing_knife3|Nóż myśliwski
itm_noswing_knife3_pl|Nóż myśliwski
itm_noswing_knife4|Nóż myśliwski
itm_noswing_knife4_pl|Nóż myśliwskii
itm_noswing_knife5|Nóż myśliwski
itm_noswing_knife5_pl|Nóż myśliwski
itm_noswing_longseax1|Sztylet
itm_noswing_longseax1_pl|Sztylet
itm_noswing_longseax2|Sztylet
itm_noswing_longseax2_pl|Sztylet
itm_noswing_longseax3|Sztylet
itm_noswing_longseax3_pl|Sztylet
itm_noswing_longseax4|Sztylet
itm_noswing_longseax4_pl|Sztylet
itm_noswing_longseax5|Sztylet
itm_noswing_longseax5_pl|Sztylet
itm_noswing_longseax6|Sztylet
itm_noswing_longseax6_pl|Sztylet
itm_noswing_longseax7|Sztylet
itm_noswing_longseax7_pl|Sztylet
itm_noswing_longseax8|Sztylet
itm_noswing_longseax8_pl|Sztylet
itm_noswing_longseax9|Sztylet
itm_noswing_longseax9_pl|Sztylet
itm_noswing_longseax10|Sztylet
itm_noswing_longseax10_pl|Sztylet
itm_noswing_seax_1|Nóż
itm_noswing_seax_1_pl|Nóż
itm_noswing_seax_2|Nóż
itm_noswing_seax_2_pl|Nóż
itm_noswing_seax_3|Nóż
itm_noswing_seax_3_pl|Nóż
itm_noswing_seax_4|Nóż
itm_noswing_seax_4_pl|Nóż
itm_noswing_seax_5|Nóż
itm_noswing_seax_5_pl|Nóż
itm_noswing_ragnar_seax|Nóż Ragnara 
itm_noswing_ragnar_seax_pl|Nóż Ragnara 
itm_noswing_elf_seax|Elfi Nóż
itm_noswing_elf_seax_pl|Elfi Nóż
itm_noswing_spatha|Miecz
itm_noswing_spatha_pl|Miecz
itm_noswing_spatha_2|Miecz
itm_noswing_spatha_2_pl|Miecz
itm_noswing_spatha_3|Miecz
itm_noswing_spatha_3_pl|Miecz
itm_noswing_spatha_4|Miecz
itm_noswing_spatha_4_pl|Miecz
itm_noswing_spatha_5|Miecz
itm_noswing_spatha_5_pl|Miecz
itm_noswing_spatha_6|Miecz
itm_noswing_spatha_6_pl|Miecz
itm_noswing_spatha_7|Miecz
itm_noswing_spatha_7_pl|Miecz
itm_noswing_spatha_8|Miecz
itm_noswing_spatha_8_pl|Miecz
itm_noswing_sword|Miecz
itm_noswing_sword_pl|Miecz
itm_noswing_sword_2|Miecz
itm_noswing_sword_2_pl|Miecz
itm_noswing_sword_3|Miecz
itm_noswing_sword_3_pl|Miecz
itm_noswing_sword_4|Miecz
itm_noswing_sword_4_pl|Miecz
itm_noswing_sword_5|Miecz
itm_noswing_sword_5_pl|Miecz
itm_noswing_sword_6|Miecz
itm_noswing_sword_6_pl|Miecz
itm_noswing_sword_7|Miecz
itm_noswing_sword_7_pl|Miecz
itm_noswing_sword_8|Miecz
itm_noswing_sword_8_pl|Miecz
itm_noswing_new_sword1|Miecz
itm_noswing_new_sword1_pl|Miecz
itm_noswing_new_sword2|Miecz
itm_noswing_new_sword2_pl|Miecz
itm_noswing_new_sword3|Miecz
itm_noswing_new_sword3_pl|Miecz
itm_noswing_new_sword4|Miecz
itm_noswing_new_sword4_pl|Miecz
itm_noswing_new_sword5|Miecz
itm_noswing_new_sword5_pl|Miecz
itm_noswing_new_sword6|Miecz
itm_noswing_new_sword6_pl|Miecz
itm_noswing_noble_sword|Drogi Miecz
itm_noswing_noble_sword_pl|Drogi Miecz
itm_noswing_noble_sword_2|Drogi Miecz
itm_noswing_noble_sword_2_pl|Drogi Miecz
itm_noswing_noble_sword_3|Drogi Miecz
itm_noswing_noble_sword_3_pl|Drogi Miecz
itm_noswing_noble_sword_4|Drogi Miecz
itm_noswing_noble_sword_4_pl|Drogi Miecz
itm_noswing_noble_sword_5|Drogi Miecz
itm_noswing_noble_sword_5_pl|Drogi Miecz
itm_noswing_noble_sword_6|Drogi Miecz
itm_noswing_noble_sword_6_pl|Drogi Miecz
itm_noswing_old_swordv|Brytoński Miecz
itm_noswing_old_swordv_pl|Brytoński Miecz
itm_noswing_old_swordv2|Brytoński Miecz
itm_noswing_old_swordv2_pl|Brytoński Miecz
itm_noswing_old_swordv3|Brytoński Miecz
itm_noswing_old_swordv3_pl|Brytoński Miecz
itm_noswing_old_swordv4|Brytoński Miecz
itm_noswing_old_swordv4_pl|Brytoński Miecz
itm_noswing_old_swordv5|Brytoński Miecz
itm_noswing_old_swordv5_pl|Brytoński Miecz
itm_noswing_old_swordv6|Brytoński Miecz
itm_noswing_old_swordv6_pl|Brytoński Miecz
itm_noswing_old_swordv7|Brytoński Miecz
itm_noswing_old_swordv7_pl|Brytoński Miecz
itm_noswing_noble_sword_7|Drogi Brytoński Miecz
itm_noswing_noble_sword_7_pl|Drogi Brytoński Miecz
itm_noswing_noble_sword_8|Drogi Brytoński Miecz
itm_noswing_noble_sword_8_pl|Drogi BBrytoński Miecz
itm_noswing_noble_sword_9|Drogi Brytoński Miecz
itm_noswing_noble_sword_9_pl|Drogi Brytoński Miecz
itm_noswing_noble_sword_10|Drogi Brytoński Miecz
itm_noswing_noble_sword_10_pl|Drogi Brytoński Miecz
itm_noswing_noble_sword_11|Drogi Brytoński Miecz
itm_noswing_noble_sword_11_pl|Drogi Brytoński Miecz
itm_noswing_noble_sword_12|Drogi Brytoński Miecz
itm_noswing_noble_sword_12_pl|Drogi Brytoński Miecz
itm_noswing_noble_sword_13|Drogi Brytoński Miecz
itm_noswing_noble_sword_13_pl|Drogi Brytoński Miecz
itm_noswing_noble_swordv|Miecz Szlachetnego Pana
itm_noswing_noble_swordv_pl|Miecz Szlachetnego Pana
itm_noswing_noble_swordv3|Miecz Szlachetnego Pana
itm_noswing_noble_swordv3_pl|Miecz Szlachetnego Pana
itm_noswing_noble_swordv4|Miecz Szlachetnego Pana
itm_noswing_noble_swordv4_pl|Miecz Szlachetnego Pana
itm_noswing_noble_swordv5|Miecz Szlachetnego Pana
itm_noswing_noble_swordv5_pl|Miecz Szlachetnego Pana
itm_noswing_noble_swordv6|Miecz Szlachetnego Pana
itm_noswing_noble_swordv6_pl|Miecz Szlachetnego Pana
itm_noswing_noble_swordv7|Miecz Szlachetnego Pana
itm_noswing_noble_swordv7_pl|Miecz Szlachetnego Pana
itm_noswing_irish_long_sword1|Godelicki szlachecki długi miecz
itm_noswing_irish_long_sword1_pl|Godelicki szlachecki długi miecz
itm_noswing_irish_long_sword2|Godelicki szlachecki długi miecz
itm_noswing_irish_long_sword2_pl|Godelicki szlachecki długi miecz
itm_noswing_irish_long_sword3|Godelicki Długi Miecz
itm_noswing_irish_long_sword3_pl|Godelicki Długi Miecz
itm_noswing_irish_long_sword4|Godelicki Długi Miecz
itm_noswing_irish_long_sword4_pl|Godelicki Długi Miecz
itm_noswing_irish_long_sword5|Godelicki Długi Miecz
itm_noswing_irish_long_sword5_pl|Godelicki Długi Miecz
itm_noswing_irish_long_sword6|Godelicki Długi Miecz
itm_noswing_irish_long_sword6_pl|Godelicki Długi Miecz
itm_noswing_irish_long_sword7|Godelicki Długi Miecz
itm_noswing_irish_long_sword7_pl|Godelicki Długi Miecz
itm_noswing_irish_long_sword8|Godelicki Długi Miecz
itm_noswing_irish_long_sword8_pl|Godelicki DĹ‚ugi Miecz
itm_noswing_irish_short_sword1|Godelicki Krótki Miecz
itm_noswing_irish_short_sword1_pl|Godelicki Krótki Miecz
itm_noswing_irish_short_sword2|Godelicki Krótki Miecz
itm_noswing_irish_short_sword2_pl|Godelicki Krótki Miecz
itm_noswing_irish_short_sword3|Godelicki Krótki Miecz
itm_noswing_irish_short_sword3_pl|Godelicki Krótki Miecz
itm_noswing_championsword1|Ciężki Miecz
itm_noswing_championsword1_pl|Ciężki Miecz
itm_noswing_championsword2|Ciężki Miecz
itm_noswing_championsword2_pl|Ciężki Miecz
itm_noswing_widow_maker|Twórca wdów
itm_noswing_widow_maker_pl|Twórca wdów
itm_noswing_suttonhoosword2|Miecz króla bandytów
itm_noswing_suttonhoosword2_pl|Miecz króla bandytów
itm_noswing_siren_song|Syrenia Pieśń
itm_noswing_siren_song_pl|Syrenia Pieśń
itm_noswing_sword_of_war|Miecz Olvira
itm_noswing_sword_of_war_pl|Miecz Olvira
itm_noswing_sword_premium1|Nad
itm_noswing_sword_premium1_pl|Nad
itm_noswing_sword_premium2|Draguandil
itm_noswing_sword_premium2_pl|Draguandil
itm_noswing_sword_premium3|Blynjubitr
itm_noswing_sword_premium3_pl|Blynjubitr
itm_noswing_axe_3|Long Axe
itm_noswing_axe_3_pl|Long Axe
itm_noswing_axe_4|Long Axe
itm_noswing_axe_4_pl|Long Axe
itm_noswing_one_handed_war_axe_a|Wielki Topór
itm_noswing_one_handed_war_axe_a_pl|Wielki Topór
itm_noswing_one_handed_war_axe_b|Wielki Topór
itm_noswing_one_handed_war_axe_b_pl|Wielki Topór
itm_noswing_one_handed_war_axe_c|Wielki Topór
itm_noswing_one_handed_war_axe_c_pl|Wielki Topór
itm_noswing_one_handed_war_axe_d|Wielki Topór
itm_noswing_one_handed_war_axe_d_pl|Wielki Topór
itm_noswing_one_handed_war_axe_e|Wielki długi Topór
itm_noswing_one_handed_war_axe_e_pl|Wielki długi Topór
itm_noswing_one_handed_war_axe_f|Wielki długi Topór
itm_noswing_one_handed_war_axe_f_pl|Wielki długi Topór
itm_noswing_pictish_hatchet3|Godelic Long Axe
itm_noswing_pictish_hatchet3_pl|Godelic Long Axe
itm_noswing_pictish_hatchet4|Godelic Long Axe
itm_noswing_pictish_hatchet4_pl|Godelic Long Axe
itm_noswing_pictish_hatchet15|Godelic Long Hatchet
itm_noswing_pictish_hatchet15_pl|Godelic Long Hatchet
itm_noswing_pictish_hatchet16|Godelic Long Hatchet
itm_noswing_pictish_hatchet16_pl|Godelic Long Hatchet
itm_noswing_long_axe_b|Woodcutter
itm_noswing_long_axe_b_pl|Woodcutter
itm_noswing_frankish_axe|Topór Franków
itm_noswing_frankish_axe_pl|Topór Franków
itm_noswing_staff|Laska
itm_noswing_staff_pl|Laska
itm_noswing_quarter_staff|Krótka Laska
itm_noswing_quarter_staff_pl|Krótka Laska
itm_noswing_pitch_fork|Widły
itm_noswing_pitch_fork_pl||Widły
itm_noswing_battle_fork|Laska Pasterska
itm_noswing_battle_fork_pl|Laska Pasterska
itm_noswing_light_spear1|Lekka włócznia
itm_noswing_light_spear1_pl|Lekka włócznia
itm_noswing_light_spear2|Lekka włócznia
itm_noswing_light_spear2_pl|Lekka włócznia
itm_noswing_light_spear3|Lekka włócznia
itm_noswing_light_spear3_pl|Lekka włócznia
itm_noswing_light_spear4|Lekka włócznia
itm_noswing_light_spear4_pl|Lekka włócznia
itm_noswing_war_spear1|Wojenna włócznia
itm_noswing_war_spear1_pl|Wojenna włócznia
itm_noswing_war_spear2|Wojenna włócznia
itm_noswing_war_spear2_pl|Wojenna włócznia
itm_noswing_war_spear3|Wojenna włócznia
itm_noswing_war_spear3_pl|Wojenna włócznia
itm_noswing_heavy_spear1|Ciężka włócznia
itm_noswing_heavy_spear1_pl|Ciężka włócznia
itm_noswing_heavy_spear2|Ciężka włócznia
itm_noswing_heavy_spear2_pl|Ciężka włócznia
itm_noswing_heavy_spear3|Ciężka włócznia
itm_noswing_heavy_spear3_pl|Ciężka włócznia
itm_noswing_long_light_spear1|Lekka Długa włócznia
itm_noswing_long_light_spear1_pl|Lekka Długa włócznia
itm_noswing_long_light_spear2|Lekka Długa włócznia
itm_noswing_long_light_spear2_pl|Lekka Długa włócznia
itm_noswing_long_war_spear1|Długa wojenna włócznia
itm_noswing_long_war_spear1_pl|Długa wojenna włócznia
itm_noswing_long_war_spear2|Długa wojenna włócznia
itm_noswing_long_war_spear2_pl|Długa wojenna włócznia
itm_noswing_long_heavy_spear1|Ciężka długa włócznia
itm_noswing_long_heavy_spear1_pl|Ciężka długa włócznia
itm_noswing_long_heavy_spear2|Ciężka długa włócznia
itm_noswing_long_heavy_spear2_pl|Ciężka długa włócznia
itm_noswing_new_mace|Promień
itm_noswing_new_mace_pl|Promień
itm_noswing_premium_spear1|Gungnir
itm_noswing_premium_spear1_pl|Gungnir
itm_noswing_standard|Armia
itm_noswing_standard_pl|Armia
itm_noswing_standard_dragon|Smok
itm_noswing_standard_dragon_pl|Smok
itm_noswing_darts_melee|Prosta rzutka
itm_noswing_darts_melee_pl|Prosta rzutka
itm_noswing_javelin_melee|Oszczep do walki wręcz
itm_noswing_javelin_melee_pl|Oszczep do walki wręcz
itm_noswing_javelin_skirmishes_melee|Rzutka
itm_noswing_javelin_skirmishes_melee_pl|Rzutka
itm_noswing_javelin_skirmishesel_melee|Konna Rzutka
itm_noswing_javelin_skirmishesel_melee_pl|Konna Rzutka
itm_noswing_javelin_jinetes_melee|Konna Rzutka
itm_noswing_javelin_jinetes_melee_pl|Konna Rzutka
itm_noswing_throwing_spear_melee|Włócznie do rzucania
itm_noswing_throwing_spear_melee_pl|Włócznie do rzucania
itm_noswing_throwing_spear2_melee|Włócznie do rzucania
itm_noswing_throwing_spear2_melee_pl|Włócznie do rzucania
itm_noswing_torch|Pochodnie
itm_noswing_torch_pl|Pochodnie
